partyfacts_id,country_name,name,name_english,wp_title,wp_url
4901,Andorra,Agrupament Canillo – La Massana,Canillo-Massana Grouping,,
3714,Andorra,Argupament Independent per Sant Julia,Independent Group for Sant Julía,,
3873,Anguilla,Anguilla for Good Government,Anguilla for Good Government,Anguilla,https://en.wikipedia.org/wiki/Anguilla
6922,Anguilla,Anguilla People's Party,Anguilla People's Party,Anguilla,https://en.wikipedia.org/wiki/Anguilla
6435,Argentina,Socialista Argentino,Argentine Socialist,Socialist Party (Argentina),https://en.wikipedia.org/wiki/Socialist_Party_(Argentina)
5189,Argentina,Autonomista Liberal,Autonomous Liberal Party,List of heads of state of Argentina,https://en.wikipedia.org/wiki/List_of_heads_of_state_of_Argentina
5185,Argentina,Autonomista,Autonomous Party,History of Argentina,https://en.wikipedia.org/wiki/History_of_Argentina
6297,Argentina,Partido Independiente,Independent Party,List of political parties in Argentina,https://en.wikipedia.org/wiki/List_of_political_parties_in_Argentina
6426,Argentina,Socialista Independiente,Independent Socialist,List of political parties in Argentina,https://en.wikipedia.org/wiki/List_of_political_parties_in_Argentina
6434,Argentina,Concentración Nacional,National Concentration,Francisco Franco,https://en.wikipedia.org/wiki/Francisco_Franco
6562,Argentina,Federación Nacional de Partidos de Centro / Federacion de partidos de Centro,National Federation of Centre Parties / Central Party Federation,Colombia,https://en.wikipedia.org/wiki/Colombia
6088,Argentina,Nuevo Encuentro,New Encounter,Broad Front (Uruguay),https://en.wikipedia.org/wiki/Broad_Front_(Uruguay)
5190,Argentina,Tres Banderas,Party Three Flags,Thirty-Three Orientals,https://en.wikipedia.org/wiki/Thirty-Three_Orientals
6145,Argentina,Unión Cívica Radical Antipersonalista,Radical Civic Union Antipersonnel,,
6296,Argentina,Unión Cívica Radical / Junta Renovadora,Radical Civic Union / Renewal Board,Justicialist Party,https://en.wikipedia.org/wiki/Justicialist_Party
5191,Argentina,UCR Bloquista,UCR Bloquista,1989 Argentine general election,https://en.wikipedia.org/wiki/1989_Argentine_general_election
5123,Argentina,UCR Lencinista,UCR Lencinista,,
6237,Armenia,Hayastani Demokratakan Kusaktsutyun,Democratic Party of Armenia,Democratic Party of Armenia,https://en.wikipedia.org/wiki/Democratic_Party_of_Armenia
6164,Armenia,Law and Unity Bloc,Law and Unity Bloc,Eastern Bloc emigration and defection,https://en.wikipedia.org/wiki/Eastern_Bloc_emigration_and_defection
6941,Aruba,Union Nacional Arubana,Aruba National Union,,
6938,Aruba,Acción Democratico Nacional,Aruban Democratic Party,Liberalism by country,https://en.wikipedia.org/wiki/Liberalism_by_country
6940,Aruba,Partido Patriotico Nobo,New Patriotic Party,List of political parties in the Netherlands Antilles,https://en.wikipedia.org/wiki/List_of_political_parties_in_the_Netherlands_Antilles
134,Australia,Communist,Communist,Communist party,https://en.wikipedia.org/wiki/Communist_party
303,Australia,Farmers and Settlers (NSW),Farmers and Settlers (NSW),National Party of Australia – NSW,https://en.wikipedia.org/wiki/National_Party_of_Australia_%E2%80%93_NSW
550,Australia,Independent Protectionist Party (Vic),Independent Protectionist Party (Vic),Liberal Party of Australia,https://en.wikipedia.org/wiki/Liberal_Party_of_Australia
754,Australia,Independet Nationalist,Independet Nationalist,Political abuse of psychiatry in the Soviet Union,https://en.wikipedia.org/wiki/Political_abuse_of_psychiatry_in_the_Soviet_Union
1781,Australia,Liberal Country Party (Vic),Liberal Country Party (Vic),Liberal Democratic Party (Australia),https://en.wikipedia.org/wiki/Liberal_Democratic_Party_(Australia)
6914,Australia,Ministerial (Queensland),Ministerial (Queensland),Premier of Queensland,https://en.wikipedia.org/wiki/Premier_of_Queensland
1244,Australia,Nationalist,Nationalist,Nationalist Party (Australia),https://en.wikipedia.org/wiki/Nationalist_Party_(Australia)
151,Australia,Nationalist and Farmers (NSW),Nationalist and Farmers (NSW),National Party of Australia – NSW,https://en.wikipedia.org/wiki/National_Party_of_Australia_%E2%80%93_NSW
782,Australia,Queensland Country Party,Queensland Country Party,Liberal National Party of Queensland,https://en.wikipedia.org/wiki/Liberal_National_Party_of_Queensland
1814,Austria,Die Neutralen - Bürgerinitiative,Citizens' Initiative for the retention of neutrality,,
1934,Austria,Vereinigte tschechoslowakische Parteien,Czechoslovakians,,
2990,Austria,"EU-STOP – (EU-Austritt, Direkte Demokratie, Neutralität, EU-Stop)",EU-STOP,2014 European Parliament election in Austria,https://en.wikipedia.org/wiki/2014_European_Parliament_election_in_Austria
6168,Austria,Nationaldemokratische Partei,National Democratic Party,National Democratic Party of Germany,https://en.wikipedia.org/wiki/National_Democratic_Party_of_Germany
6235,Austria,Nationaler Wirtschaftsblock,National Economic Bloc,,
1678,Austria,Nein – Bürgerinitiative gegen die EU Mitgliedschaft,No -- Citizens' Initiative against EU membership,,
5690,Austria-Hungary,Agrarier,Agrarians (Czech),,
5691,Austria-Hungary,Agrarier,Agrarians (German),,
5444,Austria-Hungary,Verfassungstreue Großgrundbesitzer,German Constitutional Party,,
5689,Austria-Hungary,Jungruthenen,Jungruthian,,
5443,Austria-Hungary,Polenklub,Polish Club,Shimon Sofer,https://en.wikipedia.org/wiki/Shimon_Sofer
5688,Austria-Hungary,Volkspartei,Polish People's Party,2019 European Parliament election,https://en.wikipedia.org/wiki/2019_European_Parliament_election
1990,Azerbaijan,Azerbaycan Müsteqil Demokrat Partiyasi,Azerbaijan Independence Democrat Party,,
1991,Azerbaijan,Azerbaycan Milli Istiqlal Partiyasi,Azerbaijan National Independence Party,Politics of Azerbaijan,https://en.wikipedia.org/wiki/Politics_of_Azerbaijan
1994,Azerbaijan,Vatandas Hamrayliyi Partiyasi,Civil Solidarity Party,Civic Solidarity Party,https://en.wikipedia.org/wiki/Civic_Solidarity_Party
5994,Bahrain,National Unity Gathering,National Unity Gathering,National Assembly (Bahrain),https://en.wikipedia.org/wiki/National_Assembly_(Bahrain)
6188,Bangladesh,Combined Opposition Party,Combined Opposition Party,Bangladesh Nationalist Party,https://en.wikipedia.org/wiki/Bangladesh_Nationalist_Party
6191,Belarus,People's Accord Party,People's Accord Party,Belovezha Accords,https://en.wikipedia.org/wiki/Belovezha_Accords
826,Belgium,Kartel Liberale en Socialistische,Cartel of Liberals and Socialists,,
756,Belgium,Christen-Democratisch & Vlaams / Nieuw-Vlaams Alliantie,Christian-Democrat and Flemish / New Flemish Alliance,Political parties in Belgium,https://en.wikipedia.org/wiki/Political_parties_in_Belgium
3880,Belgium,Partisans de Daens (Parti démocrate-chrétien) -- Daensisten (Christene volkspartij),Daensist Partisans (Christian Democrat Party),,
1944,Belgium,Anciens combattants,Ex-Servicemen,World Veterans Federation,https://en.wikipedia.org/wiki/World_Veterans_Federation
1945,Belgium,Classes moyennes,Middle Class Party,Luxembourg,https://en.wikipedia.org/wiki/Luxembourg
3672,Belgium,Cartel Van den Boeynants,Van de Boeynants Cartel,,
4397,Bolivia,Conciencia de Patria Movimiento Patriótico,Conscience of Fatherland - Patriotic Movement,List of political parties in Bolivia,https://en.wikipedia.org/wiki/List_of_political_parties_in_Bolivia
1700,Bolivia,Plan Progreso para Bolivia – Convergencia Nacional,Plan Progress for Bolivia -- National Convergence,Plan Progress for Bolivia – National Convergence,https://en.wikipedia.org/wiki/Plan_Progress_for_Bolivia_%E2%80%93_National_Convergence
715,Bolivia,Alianza Social,Social Alliance,Social Democratic Alliance,https://en.wikipedia.org/wiki/Social_Democratic_Alliance
4857,Bolivia,Partido Social Cristiano,Social Christian Party,Christian Democratic Party (Bolivia),https://en.wikipedia.org/wiki/Christian_Democratic_Party_(Bolivia)
4856,Bolivia,Izquierda Unida,United Left,,
1153,Bosnia and Herzegovina,Savez reformskih snaga Jugoslavije,Alliance of Reform Forces of Yugoslavia,Union of Reform Forces of Yugoslavia,https://en.wikipedia.org/wiki/Union_of_Reform_Forces_of_Yugoslavia
1340,Bosnia and Herzegovina,Koalicija za cjelovitu i demokratsku Bosnu i Hecegovinu,Coalition for a United and Democratic Bosnia and Herzegovina,,
1,Bosnia and Herzegovina,Savez komunista Bosne i Hercegovine,League of Communists of Bosnia and Herzegovina,League of Communists of Bosnia and Herzegovina,https://en.wikipedia.org/wiki/League_of_Communists_of_Bosnia_and_Herzegovina
1721,Bosnia and Herzegovina,Nova hrvatska inicijativa,New Croatian Initiative,Croatian Democratic Union of Bosnia and Herzegovina,https://en.wikipedia.org/wiki/Croatian_Democratic_Union_of_Bosnia_and_Herzegovina
6995,British Virgin Islands,Concerned Citizens' Movement,Concerned Citizens' Movement,List of political parties in the British Virgin Islands,https://en.wikipedia.org/wiki/List_of_political_parties_in_the_British_Virgin_Islands
6994,British Virgin Islands,Concerned Citizens' Movement,Concerned Citizens' Movement,List of political parties in the British Virgin Islands,https://en.wikipedia.org/wiki/List_of_political_parties_in_the_British_Virgin_Islands
6992,British Virgin Islands,Independent People's Movement,Independent People's Movement,Women's liberation movement,https://en.wikipedia.org/wiki/Women%27s_liberation_movement
6990,British Virgin Islands,People's Own Party,People's Own Party,Virgin Islands Party,https://en.wikipedia.org/wiki/Virgin_Islands_Party
6988,British Virgin Islands,People's Party,People's Party,Virgin Islands Party,https://en.wikipedia.org/wiki/Virgin_Islands_Party
6993,British Virgin Islands,Progressive People's Democratic Party,Progressive People's Democratic Party,National Democratic Party (British Virgin Islands),https://en.wikipedia.org/wiki/National_Democratic_Party_(British_Virgin_Islands)
6987,British Virgin Islands,United Party / BVI United Party,United Party / BVI United Party,National Democratic Party (British Virgin Islands),https://en.wikipedia.org/wiki/National_Democratic_Party_(British_Virgin_Islands)
6991,British Virgin Islands,Virgin Islands National Movement,Virgin Islands National Movement,"Saint John, U.S. Virgin Islands","https://en.wikipedia.org/wiki/Saint_John,_U.S._Virgin_Islands"
4095,Bulgaria,Center-svoboda i dostojnstvo,Center-Freedom and Dignity,,
6397,Bulgaria,Vnatrena Makedonska Revol. Org. / Dem. Partija,Internal Macedonian Revolutionary Organization,,
222,Bulgaria,Tsarstvo Balgariya Federatsiya,Kingdom of Bulgaria Confederation,,
6753,Bulgaria,Liberal Concentration,Liberal Concentration,Liberal democracy,https://en.wikipedia.org/wiki/Liberal_democracy
2021,Bulgaria,Sayuz 'Nov izbor','New Choice' Union,,
2023,Bulgaria,Patriotichen Sayuz,Patriotic Union,,
2024,Bulgaria,People's Voice,People's Voice,People's Republic of Bulgaria,https://en.wikipedia.org/wiki/People%27s_Republic_of_Bulgaria
5848,Bulgaria,Koalitsiya Simeon II,Simeon II Coalition,,
709,Bulgaria,Obedinenie za Tsarya,Union for the King,,
2026,Bulgaria,Suyuz na Demokratichniti Sili – Liberali,Union of Democratic Forces -- Liberal,,
6415,Burkina Faso,Front Popular,Front Popular,Republican Front (Burkina Faso),https://en.wikipedia.org/wiki/Republican_Front_(Burkina_Faso)
6414,Burkina Faso,Nationalist Revolutionary Movement,Nationalist Revolutionary Movement,List of active rebel groups,https://en.wikipedia.org/wiki/List_of_active_rebel_groups
6416,Burkina Faso,Organisation pour la Démocratie Populaire-MT,Organization for People's Democracy-Labor Movement,Organization for Popular Democracy – Labour Movement,https://en.wikipedia.org/wiki/Organization_for_Popular_Democracy_%E2%80%93_Labour_Movement
6889,Cambodia,KanapakKhme r Eisan Mean Chey,Victorious North-East Party,,
6942,Cayman Islands,Democratic Alliance,Democratic Alliance,Legislative Assembly of the Cayman Islands,https://en.wikipedia.org/wiki/Legislative_Assembly_of_the_Cayman_Islands
6929,Cayman Islands,National Team,National Team,Cayman Islands national football team,https://en.wikipedia.org/wiki/Cayman_Islands_national_football_team
5146,Cayman Islands,People’s National Alliance,People’s National Alliance,History of the Cayman Islands,https://en.wikipedia.org/wiki/History_of_the_Cayman_Islands
6944,Cayman Islands,Progress with Dignity Team,Progress with Dignity Team,Bay of Pigs Invasion,https://en.wikipedia.org/wiki/Bay_of_Pigs_Invasion
6943,Cayman Islands,Team Cayman,Team Cayman,Porsche Boxster/Cayman,https://en.wikipedia.org/wiki/Porsche_Boxster/Cayman
6945,Cayman Islands,Team for National Unity,Team for National Unity,Sergio Fedee,https://en.wikipedia.org/wiki/Sergio_Fedee
6194,Central African Republic,Concertation des Forces Démocratiques,Democratic Forces,,
5114,Colombia,Unión Cristiana,Christian Union,Centrist Democrat International,https://en.wikipedia.org/wiki/Centrist_Democrat_International
4854,Colombia,Parlido Comunista de Colombia,Columbian Communist Party,,
1774,Colombia,Movimiento Independiente de Renovación Absoluta,Independent Absolute Renovation Movement,Independent Movement of Absolute Renovation,https://en.wikipedia.org/wiki/Independent_Movement_of_Absolute_Renovation
710,Colombia,Movimiento Apertura Liberal,Liberal Opening Movement,Liberal Opening Movement,https://en.wikipedia.org/wiki/Liberal_Opening_Movement
5113,Colombia,Movimiento Nacional Conservador,National Conservative Movement,2014 Colombian presidential election,https://en.wikipedia.org/wiki/2014_Colombian_presidential_election
4855,Colombia,Alianza Nacional Popular,National Popular Alliance,National Popular Alliance,https://en.wikipedia.org/wiki/National_Popular_Alliance
4853,Colombia,Movimiento de Salvación Nacional,National Salvation Movement,Nicaraguan Liberal Alliance,https://en.wikipedia.org/wiki/Nicaraguan_Liberal_Alliance
5295,Comoros,Forum pour le Redressement National,National Recovery,,
5710,Comoros,Parti Orange,Orange Party,Africa Liberal Network,https://en.wikipedia.org/wiki/Africa_Liberal_Network
6693,Comoros,Parti Umma,Umma Party,Islam and democracy,https://en.wikipedia.org/wiki/Islam_and_democracy
4724,Congo,Democratic Union for the Defence of African Interests,Democratic Union for the Defence of African Interests,History of the Democratic Republic of the Congo,https://en.wikipedia.org/wiki/History_of_the_Democratic_Republic_of_the_Congo
6698,Costa Rica,Acostista,Acostista,1919 Costa Rican general election,https://en.wikipedia.org/wiki/1919_Costa_Rican_general_election
6697,Costa Rica,Agrupación,Agrupación,Agrupación de Fuerzas Especiales Antiterroristas Urbanas,https://en.wikipedia.org/wiki/Agrupaci%C3%B3n_de_Fuerzas_Especiales_Antiterroristas_Urbanas
6701,Costa Rica,Constitucional aguilista,Constitutional Aguilista,1921 Costa Rican parliamentary election,https://en.wikipedia.org/wiki/1921_Costa_Rican_parliamentary_election
6703,Costa Rica,Republicano constitucional,Constitutional Republican,2017 Venezuelan constitutional crisis,https://en.wikipedia.org/wiki/2017_Venezuelan_constitutional_crisis
4880,Costa Rica,Frente Popular Costarricense,Costa Rican Popular Front,Politics of Costa Rica,https://en.wikipedia.org/wiki/Politics_of_Costa_Rica
6696,Costa Rica,Fúsion,Fúsion,WNS Global Services,https://en.wikipedia.org/wiki/WNS_Global_Services
6700,Costa Rica,Agrícola Independiente,Independent Agriculture,Guatemala,https://en.wikipedia.org/wiki/Guatemala
6408,Costa Rica,Independente,Independent Party,List of Christian democratic parties,https://en.wikipedia.org/wiki/List_of_Christian_democratic_parties
6702,Costa Rica,Jimenista de Cartago,Jimenista of Cartago,1921 Costa Rican parliamentary election,https://en.wikipedia.org/wiki/1921_Costa_Rican_parliamentary_election
6706,Costa Rica,Unión Nacional Provincial,National Provincial Union,,
6704,Costa Rica,Unión provincial Esquivelista,Provincial Union Esquivelista,1930 Costa Rican parliamentary election,https://en.wikipedia.org/wiki/1930_Costa_Rican_parliamentary_election
6705,Costa Rica,Unión provincial de Heredia,Provincial Union of Heredia,Sarapiquí (canton),https://en.wikipedia.org/wiki/Sarapiqu%C3%AD_(canton)
6345,Costa Rica,Partido Reformista,Reform Party,Reform State,https://en.wikipedia.org/wiki/Reform_State
5118,Costa Rica,Social Demócrata,Social Democratic Party,Politics of Costa Rica,https://en.wikipedia.org/wiki/Politics_of_Costa_Rica
6436,Costa Rica,Bloque Victoria,Victory Bloc,List of left-wing political parties,https://en.wikipedia.org/wiki/List_of_left-wing_political_parties
2028,Croatia,Hrvatska seljacka narodna stranka,Croatian Peasant's People's Party,People's Coalition (Croatia),https://en.wikipedia.org/wiki/People%27s_Coalition_(Croatia)
3137,Croatia,Zeleni Zajedno,Greens Together,Social Democratic Party (Serbia),https://en.wikipedia.org/wiki/Social_Democratic_Party_(Serbia)
3648,Croatia,Zajednica lista,Joint List Bloc,2015 Croatian parliamentary election,https://en.wikipedia.org/wiki/2015_Croatian_parliamentary_election
2061,Croatia,Stranka Umirovljenika,Pensioners' Party,Croatian Party of Pensioners,https://en.wikipedia.org/wiki/Croatian_Party_of_Pensioners
6836,Cuba,Partido Republicano Conservador,Conservative Republican Party,History of Puerto Rico,https://en.wikipedia.org/wiki/History_of_Puerto_Rico
6827,Cuba,Conjunto Nacional Democrático,Democratic National Association,Colombian peace process,https://en.wikipedia.org/wiki/Colombian_peace_process
6256,Cuba,Partido Republicano Federal,Federal Republican Party,Independent Republican Party (Cuba),https://en.wikipedia.org/wiki/Independent_Republican_Party_(Cuba)
6837,Cuba,Partido del Pueblo Libre,Free People's Party,Cuba,https://en.wikipedia.org/wiki/Cuba
6834,Cuba,"Partido Nacional Moderado, Camaüey","Moderate National Party, Camaüey",,
6833,Cuba,Partido Moderado,Moderate Party,History of Spain (1810–73),https://en.wikipedia.org/wiki/History_of_Spain_(1810%E2%80%9373)
6832,Cuba,"Partido Liberal Nacional, Asbertista","National Liberal Party, Asbertista",,
6049,Cuba,Unión Nacional,National Union,National Union of Writers and Artists of Cuba,https://en.wikipedia.org/wiki/National_Union_of_Writers_and_Artists_of_Cuba
6835,Cuba,"Partido Nacional Radical, Oriente","Radical National Party, East",Cuba,https://en.wikipedia.org/wiki/Cuba
6824,Cuba,Unión Radical,Radical Union,Intransigent Radical Civic Union,https://en.wikipedia.org/wiki/Intransigent_Radical_Civic_Union
6826,Cuba,Partido Democrático Republicano,Republican Democratic Party,Liberalism by country,https://en.wikipedia.org/wiki/Liberalism_by_country
6828,Cuba,Partido Social-Demócrata,Social-Democratic Party,Christian Democratic Party of Cuba,https://en.wikipedia.org/wiki/Christian_Democratic_Party_of_Cuba
6831,Cuba,Partido Liberal Unionista,Unionist Liberal Party,Liberalism and radicalism in Chile,https://en.wikipedia.org/wiki/Liberalism_and_radicalism_in_Chile
6924,Curacao,Lista Niun Paso Atras,List No Step Go,,
6928,Curacao,Organisahon pa Restourashon Di Un i tur,Organisahon pa Restourashon Di Un i tur,2003 Curaçao general election,https://en.wikipedia.org/wiki/2003_Cura%C3%A7ao_general_election
4884,Cyprus,Kinima gia ta zoa tis Kiprou,Animal Party Cyprus,,
3117,Cyprus,Symmaxia,Citizen's Alliance,,
108,Cyprus,Anorthotiko Dimokratiko Sosialistiko Kinima,Democratic Socialist Renewal Movement,,
1066,Cyprus,K.E.P,Free Citizens Movement,European Single Market,https://en.wikipedia.org/wiki/European_Single_Market
3116,Cyprus,Minima Elpidas,Message of Hope,,
1379,Cyprus,Nea Demokratiki Parataxi,New Democratic Front,List of political parties in Greece,https://en.wikipedia.org/wiki/List_of_political_parties_in_Greece
1510,Cyprus,Pankyprio Agonistiko Metopo,Pancypriot Militant Front,,
834,Cyprus,Enosi Kentrou,Union Center,List of political parties in Greece,https://en.wikipedia.org/wiki/List_of_political_parties_in_Greece
138,Czech Republic,Spojenectví zemedelcu a venkova,Alliance of Farmers and the Countryside,,
884,Czech Republic,Sdruzeni nezavislych,Association of Independents,SNK Union of Independents,https://en.wikipedia.org/wiki/SNK_Union_of_Independents
980,Czech Republic,Svobodný blok,Free Bloc,,
905,Czech Republic,Unie svobody,Freedom Union,Freedom Union – Democratic Union,https://en.wikipedia.org/wiki/Freedom_Union_%E2%80%93_Democratic_Union
2140,Czech Republic,Nezávislá iniciativa,Independent Initiative,,
2143,Czech Republic,Hnutí za sociální spravedlnosti,Movement for Social Justice,List of political parties in the Czech Republic,https://en.wikipedia.org/wiki/List_of_political_parties_in_the_Czech_Republic
6459,Djibouti,Rassemblement populaire pour l'indépendance,People's Rally for Independence,,
5946,Djibouti,Centre Démocrate Unifié,Unified Democratic Center / Centre of Unified Democrats,,
6840,Dominican Republic,Partido Auténtico Constitucional,Constitutional Authentic Party),,
4186,Dominican Republic,Movimiento de Integracion Democratica,Movement of Democratic Integration,Chronology of the 2009 Honduran constitutional crisis,https://en.wikipedia.org/wiki/Chronology_of_the_2009_Honduran_constitutional_crisis
4188,Dominican Republic,Union Civica Nacional,National Civic Union,Viriato Fiallo,https://en.wikipedia.org/wiki/Viriato_Fiallo
6846,Dominican Republic,National Democratic Party,National Democratic Party,List of Christian democratic parties,https://en.wikipedia.org/wiki/List_of_Christian_democratic_parties
6844,Dominican Republic,Unión Democrática Nacionalista,Nationalist Democratic Union,List of historical secret police organizations,https://en.wikipedia.org/wiki/List_of_historical_secret_police_organizations
6845,Dominican Republic,Unión Nacional Opositora,National Opposition Union,Chronology of the 2009 Honduran constitutional crisis,https://en.wikipedia.org/wiki/Chronology_of_the_2009_Honduran_constitutional_crisis
5784,Dominican Republic,Partido Nacional Progresista,National Progressive Party,List of political parties in the Dominican Republic,https://en.wikipedia.org/wiki/List_of_political_parties_in_the_Dominican_Republic
6333,Dominican Republic,Coalición Patriótica de ciudadanos,Patriotic Coalition of Citizens,Dominican Republic,https://en.wikipedia.org/wiki/Dominican_Republic
6841,Dominican Republic,Partido Acción Renovadora,Renovating Action Party,,
5785,Dominican Republic,Partido Republicano,Republican Party,List of political parties in Puerto Rico,https://en.wikipedia.org/wiki/List_of_political_parties_in_Puerto_Rico
6842,Dominican Republic,Partido Republicano de Evolución Nacional,Republican Party of National Evolution,,
6843,Dominican Republic,Partido Popular Salvadoreño,Salvadorean Popular Party,,
6588,DR Congo (Zaire),Confédération des associations tribales du Katanga,Confederation of Tribal Associations of Katanga,State of Katanga,https://en.wikipedia.org/wiki/State_of_Katanga
6587,DR Congo (Zaire),Parti National du Progrès,National Progress Party,,
69,Ecuador,Movimiento Independiente Amauta Jatari,,,
6708,Ecuador,Acción Demócrata de Cristo,Christian Democratic Action,,
4617,Ecuador,Accìon Civico Cristiana,Civic Christian Action,2007 Ecuadorian Constituent Assembly election,https://en.wikipedia.org/wiki/2007_Ecuadorian_Constituent_Assembly_election
4851,Ecuador,Coalición Institucionalista Democrática/Coalición Nacional Republicano/Republicano,Democratic Institutionalist Coalition,,
4622,Ecuador,Frente Popular Democratico,Democratic People's Front,List of political parties in Ecuador,https://en.wikipedia.org/wiki/List_of_political_parties_in_Ecuador
1521,Ecuador,Movimiento Popular Democrático,Democratic People's Movement,Democratic People's Movement,https://en.wikipedia.org/wiki/Democratic_People%27s_Movement
6707,Ecuador,Grupos disidentes liberales y velasquistas,Dissident liberal and Velasqist groups,,
4361,Ecuador,Acción Revolucionaria Nacionalista Ecuatoriana,Ecuadorian Nationalist Revolutionary Action,History of Ecuador (1944–60),https://en.wikipedia.org/wiki/History_of_Ecuador_(1944%E2%80%9360)
4347,Ecuador,Partido Acción Popular Revolucionaria Ecuatoriana,Ecuadorian Revolutionary Popular Action Party,,
4618,Ecuador,Fuerzas del Liberalismo Radical,Forces of the Radical Liberation,,
4624,Ecuador,Movimiento Republicano Independiente,Independent Republican Movement,Anarchism in Puerto Rico,https://en.wikipedia.org/wiki/Anarchism_in_Puerto_Rico
4621,Ecuador,Movimiento Civico Democratico Nacional,National Democratic Civic Movement,2007 Ecuadorian Constituent Assembly election,https://en.wikipedia.org/wiki/2007_Ecuadorian_Constituent_Assembly_election
4625,Ecuador,Partido Union Nacional-UNO,National Union Party - UNO,List of political parties in Ecuador,https://en.wikipedia.org/wiki/List_of_political_parties_in_Ecuador
4729,Ecuador,Federacion Nacional Velazquista,National Velazquist Federation,,
6388,Ecuador,Gente Nueva,New People,Lali Espósito,https://en.wikipedia.org/wiki/Lali_Esp%C3%B3sito
4850,Ecuador,Pueblo Cambio y Democracia,"Party for People, Change and Democracy",Ecuador,https://en.wikipedia.org/wiki/Ecuador
4623,Ecuador,Federación Pontista,Pontista Federation,,
4271,Ecuador,Partido Unidad Republicana,Republican Unity Party,List of heads of state of Argentina,https://en.wikipedia.org/wiki/List_of_heads_of_state_of_Argentina
6439,Egypt,Liberation Rally,Liberation Rally,Palestine Liberation Army,https://en.wikipedia.org/wiki/Palestine_Liberation_Army
6417,Egypt,National Union,National Union,Arab Socialist Union (Egypt),https://en.wikipedia.org/wiki/Arab_Socialist_Union_(Egypt)
5154,El Salvador,Partido Democrático Nacional,National Democratic Party,Farabundo Martí National Liberation Front,https://en.wikipedia.org/wiki/Farabundo_Mart%C3%AD_National_Liberation_Front
4903,El Salvador,Union Nacional Opositora,National Opposition Union,Rubén Zamora,https://en.wikipedia.org/wiki/Rub%C3%A9n_Zamora
6563,El Salvador,Partido Popular Salvadoreno,Popular Party El Salvador,Constitution of El Salvador,https://en.wikipedia.org/wiki/Constitution_of_El_Salvador
4731,El Salvador,Renovating Action Party,Renovating Action Party,Social Democratic Party (El Salvador),https://en.wikipedia.org/wiki/Social_Democratic_Party_(El_Salvador)
6052,El Salvador,Partido Laborista de El Salvador,Salvadoran Labor Party,,
6726,El Salvador,Frente Democrático Unido Independiente,United Independent Democratic Front,,
6250,Equatorial Guinea,Unión Bubí,Bubi Union,Bubi people,https://en.wikipedia.org/wiki/Bubi_people
6247,Equatorial Guinea,Movimiento Nacional de Liberación de Guinea Ecuatorial,National Liberation Movement of Equatorial Guinea,Liberalism by country,https://en.wikipedia.org/wiki/Liberalism_by_country
6248,Equatorial Guinea,Movimiento de Unión Nacional de Guinea Ecuatorial,National Unity Movement of Equatorial Guinea,Equatorial Guinea,https://en.wikipedia.org/wiki/Equatorial_Guinea
3827,Equatorial Guinea,Unión Demócrata Social,Social Democratic Union,Centrist Democrat International,https://en.wikipedia.org/wiki/Centrist_Democrat_International
175,Estonia,Eesti Talurahva Erakond,Estonian Farmers’ Party,,
850,Estonia,Eesti Pensionaride Liit,Estonian Pensioners' Union,,
67,Estonia,Vasakvoimalus,Left Alternative,,
106,Estonia,Meie Kodu on Eestimaa!,Our Home is Estonia!,,
6212,Ethiopia,"Walayta, Gamo, Gofa, Dawro, and Konta People's Democratic Organization","Walayta, Gamo, Gofa, Dawro, and Konta People's Democratic Organization",List of political parties in Ethiopia,https://en.wikipedia.org/wiki/List_of_political_parties_in_Ethiopia
5835,Fiji,General Voters Party,General Voters Party,Voter suppression,https://en.wikipedia.org/wiki/Voter_suppression
6422,France,Centre Republucan,Centre Republucan,,
6505,France,Conservatives,Conservaties,,
3160,France,Gauche republicaine,Left Republicans,Democratic and Republican Left group,https://en.wikipedia.org/wiki/Democratic_and_Republican_Left_group
1594,France,extrême gauche,other far-left,Left Front (France),https://en.wikipedia.org/wiki/Left_Front_(France)
452,France,extrême droite,other far-right,Right-wing politics,https://en.wikipedia.org/wiki/Right-wing_politics
126,France,divers gauche,other left,Departments of France,https://en.wikipedia.org/wiki/Departments_of_France
1776,France,divers droite,other right,France,https://en.wikipedia.org/wiki/France
4628,France,Republicans,Republicans,The Republicans (France),https://en.wikipedia.org/wiki/The_Republicans_(France)
6418,France,Section Française,Section Française,French Section of the Workers' International,https://en.wikipedia.org/wiki/French_Section_of_the_Workers%27_International
5292,Gabon,Defense of Democracy,Defense of Democracy,Democracy-Dictatorship Index,https://en.wikipedia.org/wiki/Democracy-Dictatorship_Index
6590,Gabon,Défense des intérêts gabonais,Defense of Gabonese Interests,Léon M'ba,https://en.wikipedia.org/wiki/L%C3%A9on_M%27ba
6592,Gabon,Entente pour la défense des intérêts gabonais,Entente for the Defense of Gabonese Interests,,
6713,Gambia,Syndicat des travailleurs de Gambie,Gambia Labour Union,,
2145,Georgia,Bloki ‘Progresi’,Bloc ‘Progress’,,
2146,Georgia,Bloki ‘Burjanadze - Demokratebi’,Burjanadze - Democrats Bloc,,
2147,Georgia,Kartia – 91,Charter 91,,
2148,Georgia,Sakartvelos Mokalaketa Kavshiri,Citizens’ Union of Georgia,,
2149,Georgia,Demokratiuli Partia,Democratic Party,List of political parties in Georgia,https://en.wikipedia.org/wiki/List_of_political_parties_in_Georgia
2150,Georgia,Saarchevno Bloki ‘Axali Sakartvelostvis’,Election Bloc ’For a New Georgia’,,
2151,Georgia,Saarchevno Bloki ‘Tertmeti Oktomberi’,Election Bloc ‘Oktober 11’,,
2152,Georgia,Saarchevno Blok ‘Mshvidoba’,Election Bloc ‘Peace’,,
2154,Georgia,Sakartvelos Erovnuli Damoukideblobis Partia,Georgian National Independent Party,,
2155,Georgia,Sakartvelos Sotsialuri Samartlianobis Kavshiri,Georgian Social Justice Union,,
2156,Georgia,Sakartvelos Mshromelta Sotsialisturi Partia,Goergian Workers’ Socialist Party,,
2157,Georgia,Sakartvelos Mtsvaneta Partia,Green Party of Georgia,Global Greens,https://en.wikipedia.org/wiki/Global_Greens
2158,Georgia,Ilia Chavchavadzis Sazogadoeba,Ilia Chavchavadze Society,,
2159,Georgia,Mretsvelopba Gadaarchens Sakartvelos,Industry will save Georgia,,
2160,Georgia,Sruliad Sakartvelos Merab Kostavas Sazogadoeba,Merab Kostava Society,,
6955,Georgia,National Democratic Party (1919),National Democratic Party (1919),Free Democratic Party of Switzerland,https://en.wikipedia.org/wiki/Free_Democratic_Party_of_Switzerland
2163,Georgia,Khalkhta Megobrobis da Samartlianobis Partia,People’s Friendship and Justice,,
2164,Georgia,Politikuri Kavshiri ‘Tanadgoma’,Political Alliance ‘Support’,,
2165,Georgia,Sakartvelos Reformatorta Kavshiri - Erovnuli Tankhmoba,Reformers' Union of Georgia - National Concord,,
4551,Georgia,Mrgvali Magida -Tavisufali Saqar Tvelo,Round Table - Free Georgia,,
2166,Georgia,Sakartvelos Sotsial-Demokratiuli Partia,Social Democratic Party of Georgia,List of political parties in Georgia,https://en.wikipedia.org/wiki/List_of_political_parties_in_Georgia
2167,Georgia,Sakartvelos Sotsialisturi Partia,Socialist Party of Georgia,,
2168,Georgia,Demokratiuli Aghordzinebis Pavshiri,Union for the Democratic Revival,,
2169,Georgia,Kartvel Traditsionalista Kavshiri,Union of Georgian Traditionalists,,
2170,Georgia,Sakartvelos Ghvtisshvilta Kavshiri,Union of God’s Children of Georgia,,
2171,Georgia,Sakartvelos Erovnuli Tankhmobis da Aghorzinebis Kavshiri,Union of National Agreement and Revival of Georgia,,
2173,Georgia,Blok ‘Ertoba’,Unity Bloc,,
807,German Democratic Republic,Bündnis 90,Alliance 90,Alliance 90/The Greens,https://en.wikipedia.org/wiki/Alliance_90/The_Greens
389,German Democratic Republic,Bund Freier Demokraten,Association of Free Democrats,National Democratic Party of Germany,https://en.wikipedia.org/wiki/National_Democratic_Party_of_Germany
1032,German Democratic Republic,Demokratischer Frauenbund Deutschlands,Democratic Women's League of Germany,Friedel Apelt,https://en.wikipedia.org/wiki/Friedel_Apelt
1791,German Democratic Republic,Grüne Partei / Unabhängiger Frauenverband,Greens / Independent Women's Independent Women's Association,,
1054,German Democratic Republic,Partei des Demokratischen Sozialismus,Party for Democratic Socialism,Party of Democratic Socialism (Germany),https://en.wikipedia.org/wiki/Party_of_Democratic_Socialism_(Germany)
2412,Germany,Antisemitenparteien,Anti-Semites,,
6947,Gibraltar,Independent Democrats,Independent Democrats,Gibraltar Social Democrats,https://en.wikipedia.org/wiki/Gibraltar_Social_Democrats
4571,Greece,Agrotikon Dimokratikon Komma,Agrarian Republican Party,,
1276,Greece,Oikologiko Kinima,Ecological Movement,,
4575,Greece,Ethnikon Laikon Komma,National People's Party,List of political parties in Greece,https://en.wikipedia.org/wiki/List_of_political_parties_in_Greece
6413,Greece,Venizelian Liberals,Venizelian Liberals,Chania,https://en.wikipedia.org/wiki/Chania
6231,Grenada,Action Council,Action Council,Police action,https://en.wikipedia.org/wiki/Police_action
4432,Grenada,People’s Progressive Movement,People’s Progressive Movement,,
5507,Guatemala,Central Aranista Organizada,Central Aranista Organization,Organized Revolution Party,https://en.wikipedia.org/wiki/Organized_Revolution_Party
6298,Guatemala,Partido Democratico de Cooperacion Nacional,Democratic Party of National Conciliation,,
6337,Guatemala,Alianza Nacional,National Alliance,,
4333,Guatemala,Union del Centro Nacional,National Center Union,Universidad de San Carlos de Guatemala,https://en.wikipedia.org/wiki/Universidad_de_San_Carlos_de_Guatemala
5506,Guatemala,Frente Nacional de Oposición,National Opposition Front,2017 Venezuelan constitutional crisis,https://en.wikipedia.org/wiki/2017_Venezuelan_constitutional_crisis
5505,Guatemala,Movimiento de Acción Solidaria,Solidarity Action Movement,Jorge Serrano Elías,https://en.wikipedia.org/wiki/Jorge_Serrano_El%C3%ADas
5240,Guatemala,Partido Republicano-Democratico,Workers Republican-Democratic Party,List of political parties in Puerto Rico,https://en.wikipedia.org/wiki/List_of_political_parties_in_Puerto_Rico
6595,Guinea,Bloc africain de Guinée,African Bloc of Guinea,Ahmed Sékou Touré,https://en.wikipedia.org/wiki/Ahmed_S%C3%A9kou_Tour%C3%A9
4277,Guinea,Parti de l'Espoir pour le Développement National,Party of Hope for National Development,,
6594,Guinea,Parti du renouveau et du progrès,Party of Renewal and Progress,Politics of Guinea,https://en.wikipedia.org/wiki/Politics_of_Guinea
5600,Guinea,Union for a New Republic,Union for a New Republic,Union of Sovereign States,https://en.wikipedia.org/wiki/Union_of_Sovereign_States
5905,Haiti,Alternative for Progress and Democracy,Alternative for Progress and Democracy,Alternative League for Haitian Progress and Emancipation,https://en.wikipedia.org/wiki/Alternative_League_for_Haitian_Progress_and_Emancipation
6216,Haiti,Parti Démocrate-Chrétien d'Haïti,Christian-Democratic Party of Haiti,List of political parties in Haiti,https://en.wikipedia.org/wiki/List_of_political_parties_in_Haiti
6716,Haiti,Mobilisation pour le Développement National,Mobilization for National Development,2006 Haitian general election,https://en.wikipedia.org/wiki/2006_Haitian_general_election
6068,Haiti,National Agricultural Industrial Party,National Agricultural Industrial Party,Intensive farming,https://en.wikipedia.org/wiki/Intensive_farming
5267,Haiti,Alliance Nationale pour la Démocratie ey le Progrès,National Alliance for Democracy and Progress,,
5269,Haiti,National Front for Change and Democracy,National Front for Change and Democracy,International Republican Institute,https://en.wikipedia.org/wiki/International_Republican_Institute
5273,Haiti,National Unity Party,National Unity Party,National Unity Party (Haiti),https://en.wikipedia.org/wiki/National_Unity_Party_(Haiti)
6320,Haiti,Ansamn Nou Fò,Together We Are Strong,,
6715,Honduras,Movimiento Nacional Reformista,National Reformist Movement,Liberalism by country,https://en.wikipedia.org/wiki/Liberalism_by_country
7001,Hong Kong (China),New Territories Association of Societies,New Territories Association of Societies,Hong Kong,https://en.wikipedia.org/wiki/Hong_Kong
6815,Hungary,Függetlenségi Párt,Independence Party,Party of Independence and '48,https://en.wikipedia.org/wiki/Party_of_Independence_and_%2748
6821,Hungary,Independents for '67,Independents for '67,1967 European Cup Final,https://en.wikipedia.org/wiki/1967_European_Cup_Final
6820,Hungary,'Justh' Party of Independence and '48,'Justh' Party of Independence and '48,Party of Independence and '48,https://en.wikipedia.org/wiki/Party_of_Independence_and_%2748
6816,Hungary,National Party,National Party,National Coalition Party,https://en.wikipedia.org/wiki/National_Coalition_Party
3795,Hungary,Köztársaság Párt,Republican Party,,
1070,Iceland,Flokkur mannsins,Humanist Party,1991 Icelandic parliamentary election,https://en.wikipedia.org/wiki/1991_Icelandic_parliamentary_election
196,Iceland,Óháði Lýðræðisflokkurinn,Independent Democratic Party,,
1955,Iceland,Kvennalisti,Women's List,,
6424,India,Kisan Mazdoor Praja Party,Farmer & Working People's Party,Sangh Parivar,https://en.wikipedia.org/wiki/Sangh_Parivar
4080,India,Tamil Maanila Congress (Moopanar),Tamil Maanila Congress (Moopanar),Tamil Maanila Congress,https://en.wikipedia.org/wiki/Tamil_Maanila_Congress
5299,Indonesia,Moslem Scholars League,Moslem Scholars League,Islam in the United Kingdom,https://en.wikipedia.org/wiki/Islam_in_the_United_Kingdom
5173,Iran,Jebheye Paydari,Steadfast Front,,
5614,Iraq,Al-Wifaq Al-Watani Al-'Iraqi,Iraqi National Accord,Iraqi National Accord,https://en.wikipedia.org/wiki/Iraqi_National_Accord
5619,Iraq,Al-Majlis Al-A'ala Al-Islami Al-'Iraqi,Islamic Supreme Council of Iraq,Islamic Supreme Council of Iraq,https://en.wikipedia.org/wiki/Islamic_Supreme_Council_of_Iraq
2445,Ireland,Sinn Féin (Anti-Treaty),Sinn Féin (Anti-Treaty),Leader of Sinn Féin,https://en.wikipedia.org/wiki/Leader_of_Sinn_F%C3%A9in
2444,Ireland,Sinn Féin (Pro-Treaty),Sinn Féin (Pro-Treaty),Republican Sinn Féin,https://en.wikipedia.org/wiki/Republican_Sinn_F%C3%A9in
1491,Israel,Poalei Agudat Yisrael,Agudat Israel Workers,Poalei Agudat Yisrael,https://en.wikipedia.org/wiki/Poalei_Agudat_Yisrael
1358,Israel,Hatnuah Lezhiot Ha'ezrach,Citizens' Rights Movement,,
866,Israel,Plato Sharon,Development and Peace,David Ben-Gurion,https://en.wikipedia.org/wiki/David_Ben-Gurion
1309,Israel,Focus,Focus,,
1734,Israel,Tenua le'Masoret Israel,Movement for Israel's Tradition,,
1314,Israel,Yisrael Ahat,One Israel,One Israel,https://en.wikipedia.org/wiki/One_Israel
1239,Israel,Shalom le'Israel-Shivion le'Israel,Peace in Israel-Equality in Israel,Hadash,https://en.wikipedia.org/wiki/Hadash
1047,Israel,Ra'am-Ta'al,Ra'am-Ta'al,Ta'al,https://en.wikipedia.org/wiki/Ta%27al
948,Israel,Reshima Mamlachtit,State List,,
942,Israel,Degel Hatorah,Torah Flag,United Torah Judaism,https://en.wikipedia.org/wiki/United_Torah_Judaism
6405,Italy,Left,Left,Centre-left politics,https://en.wikipedia.org/wiki/Centre-left_politics
2417,Italy,Liberali,Ministerial and Opposition Liberals,The People of Freedom,https://en.wikipedia.org/wiki/The_People_of_Freedom
939,Italy,Partito Nazionale Pensionati,National Pensioners´ Party,List of political parties in Italy,https://en.wikipedia.org/wiki/List_of_political_parties_in_Italy
203,Italy,Patto per l'Italia,Pact for Italy,Pact for Italy,https://en.wikipedia.org/wiki/Pact_for_Italy
1711,Italy,Rosa nel Pugno,Rose in the Fist,Rose in the Fist,https://en.wikipedia.org/wiki/Rose_in_the_Fist
2423,Italy,Partito dei Combattenti,Servicemen Party,Italian resistance movement,https://en.wikipedia.org/wiki/Italian_resistance_movement
5742,Japan,Dokuritsu Club,Dokuritsu Club,List of political parties in Japan,https://en.wikipedia.org/wiki/List_of_political_parties_in_Japan
4559,Japan,Jinin Kai,Jinin Kai,1903 Japanese general election,https://en.wikipedia.org/wiki/1903_Japanese_general_election
4560,Japan,Jiyu Kai,Jiyu Club,Liberal Democratic Party (Japan),https://en.wikipedia.org/wiki/Liberal_Democratic_Party_(Japan)
5306,Japan,Koshin Club,Koshin Club,Kōshin,https://en.wikipedia.org/wiki/K%C5%8Dshin
935,Japan,Nihon Jiyūtō (Hatoyama),Liberal Party (Hatoyama),List of political parties in Japan,https://en.wikipedia.org/wiki/List_of_political_parties_in_Japan
5301,Japan,Progressive Party,Progressive Party,Democratic Progressive Party,https://en.wikipedia.org/wiki/Democratic_Progressive_Party
37,Japan,Rikken Kaishintō,Reform Party,Rikken Kaishintō,https://en.wikipedia.org/wiki/Rikken_Kaishint%C5%8D
4382,Japan,Shakai Taishūtō,Socialist Masses Party,Shakai Taishūtō,https://en.wikipedia.org/wiki/Shakai_Taish%C5%ABt%C5%8D
2440,Japan,Shakai Minshuto,Socialist People's Party,List of political parties in Japan,https://en.wikipedia.org/wiki/List_of_political_parties_in_Japan
6372,Jordan,Hizb al-ba 'th al- 'arabi,Arab Ba'th Party,Ba'ath Party,https://en.wikipedia.org/wiki/Ba%27ath_Party
6371,Jordan,Al-Hizb al- 'arabi al-dusturi,Arab Constitutional Party,,
5847,Jordan,Constitutional Bloc,Constitutional Bloc,Politics of Jordan,https://en.wikipedia.org/wiki/Politics_of_Jordan
5588,Jordan,Hizb Al-Wasat Al-Islamiy,Islamic Centrist Party,Islamic Centrist Party,https://en.wikipedia.org/wiki/Islamic_Centrist_Party
6373,Jordan,Al-Jabha al-wataniyya,National Front,,
5366,Kazakhstan,Democratic Party,Democratic Party,Russian Social Democratic Labour Party,https://en.wikipedia.org/wiki/Russian_Social_Democratic_Labour_Party
6229,Kazakhstan,Narodnyi Kongress Kazakhstana,Peoples' Congress of Kazakhstan,,
2547,Korea (South),Minju Dang,Democratic Party,"Democratic Party (South Korea, 2000)","https://en.wikipedia.org/wiki/Democratic_Party_(South_Korea,_2000)"
4463,Korea (South),Minju Tongil-dang,Democratic Unification Party,,
2549,Korea (South),Minjok T'ongil-tang,National Unification Party,Korean nationalist historiography,https://en.wikipedia.org/wiki/Korean_nationalist_historiography
4471,Korea (South),Sin Minju Gonghwa-dang,New Democratic Republican Party,,
4448,Korea (South),Sinhan Minju-dang,New Korea Democratic Party,,
3232,Korea (South),Shinjong-dang,New Political Reform Party,,
3233,Korea (South),T'ongikukmin-dang,Unification National Party,,
4459,Korea (South),Tonghap Minju-dang,United Democratic Party,2012 South Korean legislative election,https://en.wikipedia.org/wiki/2012_South_Korean_legislative_election
3246,Kosovo,Koalicioni për Kosovë të,New Kosovo Coalition,Elections in Kosovo,https://en.wikipedia.org/wiki/Elections_in_Kosovo
3245,Kosovo,Srpska demokratska stranka Kosova i Metohije,Serb Democratic Party of Kosovo and Metohija,List of political parties in Kosovo,https://en.wikipedia.org/wiki/List_of_political_parties_in_Kosovo
1612,Latvia,Latvijas Zemnieku Savienība / Kristīgo Demokrātu Savienība,Christian Democratic Union / Farmers Union of Latvia,,
75,Latvia,Latvijas Krievu pilsoņu partija,Latvia’s Party of Russian Citizens,,
1654,Latvia,Tautas Kustība Latvijai – Zīgerista Partija,People's Movement for Latvia -- Siegerist Party,Joachim Siegerist,https://en.wikipedia.org/wiki/Joachim_Siegerist
3214,Latvia,"Politiskā Partija ""Alternative""","Political Party ""Alternative""",,
871,Latvia,Tautsaimnieku politiskā apvienība,Political Union of Economists,Political Union of Economists,https://en.wikipedia.org/wiki/Political_Union_of_Economists
680,Latvia,Sociāldemokrātiskā Labklājības partija,Social Democratic Welfare Party,Social Democratic Welfare Party,https://en.wikipedia.org/wiki/Social_Democratic_Welfare_Party
3690,Latvia,Latviesu Zemnieku Savieniba,Union of Latvian Farmers,List of political parties in Latvia,https://en.wikipedia.org/wiki/List_of_political_parties_in_Latvia
900,Latvia,Maznodrošināto politiskā apvienība / Latviešu neatkarības partija,Union of the Indigent / Latvian Independence Party,,
5508,Lebanon,al-Karamah,Dignity,Alkarama,https://en.wikipedia.org/wiki/Alkarama
5510,Lebanon,Greek Orthodox,Greek Orthodox,Greek Orthodox Church of Antioch,https://en.wikipedia.org/wiki/Greek_Orthodox_Church_of_Antioch
5509,Lebanon,Maronite Christians,Maronite Christians,Lebanese Maronite Christians,https://en.wikipedia.org/wiki/Lebanese_Maronite_Christians
5846,Lebanon,Resistance and Development,Resistance and Development,Nonviolent resistance,https://en.wikipedia.org/wiki/Nonviolent_resistance
5512,Lebanon,Shi'i Muslims,Shia Moslem,Shia Islam,https://en.wikipedia.org/wiki/Shia_Islam
5511,Lebanon,Sunni Muslims,Sunni Moslem,Shia–Sunni relations,https://en.wikipedia.org/wiki/Shia%E2%80%93Sunni_relations
5164,Liberia,Liberia Transformation Party,Liberia Transformation Party,Politics of Liberia,https://en.wikipedia.org/wiki/Politics_of_Liberia
5162,Liberia,Movement for Progressive Change,Movement for Progressive Change,List of left-wing political parties,https://en.wikipedia.org/wiki/List_of_left-wing_political_parties
1197,Lithuania,Lietuvos tautinių mažumų aljansas,Alliance of the Lithuanian National Minorities,Lithuanian Citizens' Alliance,https://en.wikipedia.org/wiki/Lithuanian_Citizens%27_Alliance
197,Lithuania,Brazausko socialdemokratiné koalicija,Brazauskas Social Democratic Coalition,,
1409,Lithuania,"People’s Union ""For Just Lithuania""","Liaudies sąjunga ""Uz teisingą Lietuvą""",,
1364,Lithuania,Lietuvos Krikščionys Demokrata / Lietuvos politinių kalinių ir terminių sąjunga / Lietuvos demokratų partijos jungtinis sąrašas,Lithuanian Christian Democrats / Union of Lithuanian Political Prisoners and Deportees / Lithuanian Democratic Party,,
330,Lithuania,Lietuvos ūkio partijos,Lithuanian Party of Economy,,
839,Lithuania,Nuosaikiųjų konservatorių sąjunga,Moderate Conservative Union,Christian Conservative Social Union,https://en.wikipedia.org/wiki/Christian_Conservative_Social_Union
636,Lithuania,Tautos pazangos judejimas,National Progress Movement,,
2091,Lithuania,"Koalicija ""Už darba Lietuvai“",Working for Lithuania,,
1679,Lithuania,Jaunoji Lietuva / Politinių kalinių sąjunga,Young Lithuania / Union of Political Prisoners,List of political parties in Lithuania,https://en.wikipedia.org/wiki/List_of_political_parties_in_Lithuania
2401,Luxembourg,Liste democratique,Democratic List,List of political parties in Luxembourg,https://en.wikipedia.org/wiki/List_of_political_parties_in_Luxembourg
2067,Luxembourg,Parti Indépendant des Classes Moyennes,Independent Party of the Middle Class,,
1292,Luxembourg,Parti des Indépendants de l'Est,Independents of the East,Party of Independents of the East,https://en.wikipedia.org/wiki/Party_of_Independents_of_the_East
1228,Luxembourg,Jean Gremling List – Socialistes Indépendants,Jean Gremling List -- Independent Socialists,Luxembourg Socialist Workers' Party,https://en.wikipedia.org/wiki/Luxembourg_Socialist_Workers%27_Party
4535,Luxembourg,Left Liberals,Left Liberals,The Left (Luxembourg),https://en.wikipedia.org/wiki/The_Left_(Luxembourg)
2397,Luxembourg,Gauche liberale,Liberal Left,Liberalism in Luxembourg,https://en.wikipedia.org/wiki/Liberalism_in_Luxembourg
2063,Luxembourg,Parti Libéral,Liberal Party,Liberal Party,https://en.wikipedia.org/wiki/Liberal_Party
5851,Luxembourg,Union Nationale Independante,National Independent Union,Hubert Loutsch,https://en.wikipedia.org/wiki/Hubert_Loutsch
2398,Luxembourg,Parti des paysans et classes moyennes,Party of Peasants and Middle Classes,,
4508,Luxembourg,Groupement patriotique et démocratique,Patriotic and Democratic Group,Liberalism in Luxembourg,https://en.wikipedia.org/wiki/Liberalism_in_Luxembourg
2117,Luxembourg,Radikaler Partei – Parti Radical,Radical Party,,
4536,Luxembourg,Radical Party (Marcel Cahen),Radical Party (Marcel Cahen),,
2118,Luxembourg,Radikal-Sozialistesch Partei – Parti Radical Socialist,Radical Socialist Party,Radical Socialist Party (Luxembourg),https://en.wikipedia.org/wiki/Radical_Socialist_Party_(Luxembourg)
1088,Macedonia,Stranka na Jugoslovenite vo Makedonija,Party of Yugoslavs in Macedonia,Party of Yugoslavs in Macedonia,https://en.wikipedia.org/wiki/Party_of_Yugoslavs_in_Macedonia
155,Macedonia,Narodna Demokratska Partija / Partisë Demokratike Popullore,People’s Democratic Party,,
6070,Macedonia,Together for Macedonia,Together for Macedonia,North Macedonia,https://en.wikipedia.org/wiki/North_Macedonia
2448,Macedonia,Sojuz na Makedonija,Union of Macedonia,Social Democratic Union of Macedonia,https://en.wikipedia.org/wiki/Social_Democratic_Union_of_Macedonia
6225,Madagascar,Faritra Miara-Mamindra / Association des Malgaches Unifié,Association of United Malagasys,,
5368,Madagascar,Committee of Active Forces,Committee of Active Forces,1993 Malagasy parliamentary election,https://en.wikipedia.org/wiki/1993_Malagasy_parliamentary_election
6597,Madagascar,Confederation of Civil Societies for Development,Confederation of Civil Societies for Development,List of trade unions,https://en.wikipedia.org/wiki/List_of_trade_unions
6226,Madagascar,Fihaonana Party,Fihaonana Party,1993 Malagasy parliamentary election,https://en.wikipedia.org/wiki/1993_Malagasy_parliamentary_election
6598,Madagascar,Parti Militant pour le Développement de Madagascar,Militant Party for the Development of Madagascar,Democratic Republic of the Congo,https://en.wikipedia.org/wiki/Democratic_Republic_of_the_Congo
5869,Madagascar,Union nationale pour la démocratie et le développement,National Union for Democracy and Development,Federation of Green Parties of Africa,https://en.wikipedia.org/wiki/Federation_of_Green_Parties_of_Africa
5692,Madagascar,Elan Populaire pour l'Unité Nationale (Vonjy),Popular Impulse for National Unity,,
6086,Madagascar,Rally for Socialism and Democracy,Rally for Socialism and Democracy,Alliance for Democracy and Federation – African Democratic Rally,https://en.wikipedia.org/wiki/Alliance_for_Democracy_and_Federation_%E2%80%93_African_Democratic_Rally
5683,Maldives,Adhaalathu Party,Justice Party,,
416,Malta,Jones Party,Jones Party,List of political parties in Malta,https://en.wikipedia.org/wiki/List_of_political_parties_in_Malta
1910,Malta,Unione Politica Maltese,Maltese Political Union,Maltese Political Union,https://en.wikipedia.org/wiki/Maltese_Political_Union
320,Malta,Progressive Constitutional Party,Progressive Constitutional Party,"Progressive Party (United States, 1912)","https://en.wikipedia.org/wiki/Progressive_Party_(United_States,_1912)"
6723,Mauritania,Socialist and Republican Union,Socialist and Republican Union,Socialist International,https://en.wikipedia.org/wiki/Socialist_International
6456,Mauritius,Mouvement des Travaillistes Democrates,Democratic Labour Movement,Anerood Jugnauth,https://en.wikipedia.org/wiki/Anerood_Jugnauth
5375,Mauritius,Independence Party,Independence Party,Labour Party (Mauritius),https://en.wikipedia.org/wiki/Labour_Party_(Mauritius)
6599,Mauritius,Independent Forward Bloc,Independent Forward Bloc,List of Hindu nationalist political parties,https://en.wikipedia.org/wiki/List_of_Hindu_nationalist_political_parties
6410,Mauritius,Parti Socialiste Mauricien,Mauritian Socialist Party,2014 Mauritian general election,https://en.wikipedia.org/wiki/2014_Mauritian_general_election
5702,Mauritius,Muslim Committee of Action,Muslim Committee of Action,Labour Party (Mauritius),https://en.wikipedia.org/wiki/Labour_Party_(Mauritius)
4043,Mauritius,Mouvement Démocratique National Raj Dayal,National Democratic Movement Raj Dayal,,
1988,Mexico,Alianza por México 2000,Alliance for Mexico 2000,Citizens' Movement (Mexico),https://en.wikipedia.org/wiki/Citizens%27_Movement_(Mexico)
1981,Mexico,Partido Comunista Mexicano,Mexican Communist Party,Mexican Communist Party,https://en.wikipedia.org/wiki/Mexican_Communist_Party
1982,Mexico,Partido Mexicano de los Trabajadores,Mexican Workers’ Party,Mexican Workers' Party,https://en.wikipedia.org/wiki/Mexican_Workers%27_Party
1983,Mexico,Frente Democrático Nacional,National Democratic Front,National Democratic Front (Mexico),https://en.wikipedia.org/wiki/National_Democratic_Front_(Mexico)
1984,Mexico,Partido del Frente Cardenista de Reconstucción Nacional,Party of the Cardenist Front of National Reconstruction,,
1985,Mexico,Partido Popular Socialista,Popular Socialist Party,Popular Socialist Party (Cuba),https://en.wikipedia.org/wiki/Popular_Socialist_Party_(Cuba)
1986,Mexico,Partido Revolucionario de los Trabajadores,Revolutionary Workers’ Party,Institutional Revolutionary Party,https://en.wikipedia.org/wiki/Institutional_Revolutionary_Party
1987,Mexico,Partido Socialista Unificado de México,Unified Socialist Party of Mexico,Unified Socialist Party of Mexico,https://en.wikipedia.org/wiki/Unified_Socialist_Party_of_Mexico
2262,Moldova,Partidul Democrat Agrar din Moldova,Agrarian Democratic Party of Moldova,Agrarian Party of Moldova,https://en.wikipedia.org/wiki/Agrarian_Party_of_Moldova
2263,Moldova,Blocul Taranilior si Intelectualilor,Bloc of Peasants and Intellectuals,,
2266,Moldova,"Blocul Electoral ""Conventia Democrata din Moldova""",Electoral Bloc Democratic Convention of Moldova,,
2267,Moldova,"Blocul electoral ""Moldova Democrata""","Electoral Bloc ""Democratic Moldova""",Electoral Bloc Democratic Moldova,https://en.wikipedia.org/wiki/Electoral_Bloc_Democratic_Moldova
2268,Moldova,"Blocul Electoral ""Pentru o Moldova Democratica si Prospera""","Electoral Bloc ""For a Democratic and Prosperous Moldova""",,
2269,Moldova,"Blocul Electoral ""Alianta Braghis""",Electoral Block 'Braghis Alliance',,
2271,Moldova,Partidul Liberal Democrat din Moldova,Liberal Democratic Party of Moldova,Democratic Party of Moldova,https://en.wikipedia.org/wiki/Democratic_Party_of_Moldova
2261,Moldova,Partidul Fortelor Democratice,Party of Democratic Forces,Party of Democratic Forces,https://en.wikipedia.org/wiki/Party_of_Democratic_Forces
6342,Monaco,National and Progressive Action,National and Progressive Action,Progressive Corporation,https://en.wikipedia.org/wiki/Progressive_Corporation
6204,Mongolia,Mongolyn Ulamjlalyn Negdsen Nam,Mongolian Conservative United Party,,
3103,Montenegro,Stranka Demokratske Akcije Crne Gore,Democratic Action Party of Montenegro,List of political parties in Montenegro,https://en.wikipedia.org/wiki/List_of_political_parties_in_Montenegro
6973,Montenegro,Mijušković Group,Mijušković Group,List of Montenegrins,https://en.wikipedia.org/wiki/List_of_Montenegrins
3184,Montenegro,Socijaldemokratska Partija Reformista,Social-Democratic Party of Reformists,,
5324,Morocco,Front for the Defence of Constitutional Institutions,Front for the Defence of Constitutional Institutions,Front for the Defence of Constitutional Institutions,https://en.wikipedia.org/wiki/Front_for_the_Defence_of_Constitutional_Institutions
6083,Mozambique,Untao Democratlca de Mocambique,Democratic Union,,
6447,Namibia,Action Front for the Retention of Turnhalle Principles,Action Front for the Retention of Turnhalle Principles,1978 South West African legislative election,https://en.wikipedia.org/wiki/1978_South_West_African_legislative_election
6602,Namibia,German League in South West Africa,German League in South West Africa,German South West Africa,https://en.wikipedia.org/wiki/German_South_West_Africa
5686,Netherlands,Conservatieven,Conservatives,List of political parties in the Netherlands,https://en.wikipedia.org/wiki/List_of_political_parties_in_the_Netherlands
5384,Nicaragua,Partido Liberal,Liberal Party,Independent Liberal Party (Nicaragua),https://en.wikipedia.org/wiki/Independent_Liberal_Party_(Nicaragua)
6847,Nicaragua,Partido Conservador Nicaragüense,Nicaraguan Conservative Party,Conservative Party (Nicaragua),https://en.wikipedia.org/wiki/Conservative_Party_(Nicaragua)
6977,Nigeria,Calabar Ratepayers' Association,Calabar Ratepayers' Association,1928 Nigerian general election,https://en.wikipedia.org/wiki/1928_Nigerian_general_election
6975,Nigeria,Democratic Party of Nigeria,Democratic Party of Nigeria,Cinema of Nigeria,https://en.wikipedia.org/wiki/Cinema_of_Nigeria
4075,Norway,Høyre | Det Liberale Folkepartiet,Conservative Party | Liberal People's Party,List of political parties in Norway,https://en.wikipedia.org/wiki/List_of_political_parties_in_Norway
1926,Norway,Felleslister borgerlige,Electoral lists conservatives,,
5513,Pakistan,Qayyum Moslem League,Convention Moslem League,All-India Muslim League,https://en.wikipedia.org/wiki/All-India_Muslim_League
5718,Panama,Partido Liberal Auténtico,Authentic Liberal Party,Liberalism in Panama,https://en.wikipedia.org/wiki/Liberalism_in_Panama
5319,Panama,Partido Revolucionario Auténtico,Authentic Revolutionary Party,Liberalism in Cuba,https://en.wikipedia.org/wiki/Liberalism_in_Cuba
5314,Panama,Partido Liberal Doctrinario,Liberal Doctrinaire Party,,
5315,Panama,Partido Liberal,Liberal Party,National Liberal Party (Panama),https://en.wikipedia.org/wiki/National_Liberal_Party_(Panama)
5316,Panama,Partido Liberal Renovador,Liberal Renewal Party,,
5317,Panama,Union Nacional Democratica,National Democratic Union,World Federation of Democratic Youth,https://en.wikipedia.org/wiki/World_Federation_of_Democratic_Youth
6184,Papua New Guinea,PNG Independent Group,PNG [Diro] Independent Group,Papua New Guinea Defence Force,https://en.wikipedia.org/wiki/Papua_New_Guinea_Defence_Force
4876,Peru,Frente Democrático de Unidad Nacional,Democratic Front of National Unity,Democratic Front of National Unity,https://en.wikipedia.org/wiki/Democratic_Front_of_National_Unity
4874,Peru,Movimiento Independiente Agrario,Independent Agrarian Movement,,
5238,Peru,Unión Nacional,National Unity,National Unity (Peru),https://en.wikipedia.org/wiki/National_Unity_(Peru)
4875,Peru,Unidad Democrática Popular,Popular Democratic Unity,Popular Democratic Unity,https://en.wikipedia.org/wiki/Popular_Democratic_Unity
4878,Peru,Unión Revolucionaria,Revolutionary Union,Revolutionary Union (Peru),https://en.wikipedia.org/wiki/Revolutionary_Union_(Peru)
4860,Peru,Izquierda Unida,United Left,,
4877,Peru,Frente Obrero Campesino-Estudiantil y Popular,Worker Peasant Student and Popular Front,Worker Peasant Student and Popular Front,https://en.wikipedia.org/wiki/Worker_Peasant_Student_and_Popular_Front
6891,Philippines,Partido Democrata,Democratic Party,Democratic Convergence of Catalonia,https://en.wikipedia.org/wiki/Democratic_Convergence_of_Catalonia
4653,Philippines,Partido Liberal (Avelino Wing),Liberal Party (Avelino Wing),Liberal Party (Philippines),https://en.wikipedia.org/wiki/Liberal_Party_(Philippines)
4657,Philippines,Partido Nacionalista (Quezon Wing),Nacionalist Party (Quezon Wing),1935 Philippine presidential election,https://en.wikipedia.org/wiki/1935_Philippine_presidential_election
4607,Philippines,Partido Nacionalista Colectivista,Nationalist Collective Party,,
4608,Philippines,Partido Nacionalista Consolidados,Nationalist Consolidation Party,,
4606,Philippines,Liga Popular Nacionalista,National Popular Liga,Elections in the Philippines,https://en.wikipedia.org/wiki/Elections_in_the_Philippines
5656,Philippines,Pusyon Bisaya,Pusyon Bisaya,Interim Batasang Pambansa,https://en.wikipedia.org/wiki/Interim_Batasang_Pambansa
6361,Poland,Christian National Peoples,Christian National Peoples,Christian state,https://en.wikipedia.org/wiki/Christian_state
1046,Poland,Unia Demokratyczna,Democratic Union,Democratic Union (Poland),https://en.wikipedia.org/wiki/Democratic_Union_(Poland)
6360,Poland,Narodowe Zjednoczenie Ludowe,National People's Union,National People's Union,https://en.wikipedia.org/wiki/National_People%27s_Union
464,Poland,Polska Partia Przyjaciól Piwa,Polish Friends of Beer Party,,
1335,Poland,Polski Blok Ludowy,Polish Peasant Bloc,Polish Peasant Bloc,https://en.wikipedia.org/wiki/Polish_Peasant_Bloc
16,Poland,Samoobrona [Leppera],Self Defense [Lepper],Mateusz Piskorski,https://en.wikipedia.org/wiki/Mateusz_Piskorski
6310,Portugal,Partido Constituinte,Constituent Party,List of political parties in Portugal,https://en.wikipedia.org/wiki/List_of_political_parties_in_Portugal
1590,Romania,Alianta pentru Romania,Alliance for Romania,2019 European Parliament election in Romania,https://en.wikipedia.org/wiki/2019_European_Parliament_election_in_Romania
971,Romania,Alianţa pentru Unitatea Românilor,Alliance for Romanian Unity,Alliance for Romanian Unity,https://en.wikipedia.org/wiki/Alliance_for_Romanian_Unity
477,Romania,Grupul Democrat de Centru,Democratic Group of the Centre,Democratic Group of the Centre,https://en.wikipedia.org/wiki/Democratic_Group_of_the_Centre
215,Romania,Alianţa Dreptate şi Adevăr,Justice and Truth Alliance,Justice and Truth Alliance,https://en.wikipedia.org/wiki/Justice_and_Truth_Alliance
958,Romania,Frontul Salvării Naţionale,National Salvation Front,National Salvation Front (Romania),https://en.wikipedia.org/wiki/National_Salvation_Front_(Romania)
400,Romania,Partidul Pensionarilor din Romania,Party of Pensioners of Romania,2014 Romanian presidential election,https://en.wikipedia.org/wiki/2014_Romanian_presidential_election
1078,Romania,Partidul Socialist Democrat Român,Romanian Socialist Democratic Party,Social Democratic Party (Romania),https://en.wikipedia.org/wiki/Social_Democratic_Party_(Romania)
1542,Romania,Partidul Socialist Muncitoresc Roman,Romanian Socialist Party of Workers,Romanian Communist Party,https://en.wikipedia.org/wiki/Romanian_Communist_Party
1073,Romania,Partidul Socialist,Socialist Party,Party of Socialists of the Republic of Moldova,https://en.wikipedia.org/wiki/Party_of_Socialists_of_the_Republic_of_Moldova
3239,Russia,Grazhdansky soyuz,Civic Union,,
2238,Russia,Demokraticheskaya Partiya Rossii,Democratic Party of Russia,Social Democratic Party of Russia,https://en.wikipedia.org/wiki/Social_Democratic_Party_of_Russia
2241,Russia,"Vpered, Rossiya!","Forward, Russia!",,
2243,Russia,Blok Ivana Rybkina,Ivan Rybkin’s Bloc,Ivan Rybkin Bloc,https://en.wikipedia.org/wiki/Ivan_Rybkin_Bloc
2247,Russia,Nash Dom - Rossiya,Our Home - Russia,Our Home – Russia,https://en.wikipedia.org/wiki/Our_Home_%E2%80%93_Russia
2249,Russia,Partiya Rossijskogo Edinstva I Soglasiya,Party of Russian Unity and Accord,,
2250,Russia,Vlast Narodu!,Power to the People!,Power to the people (slogan),https://en.wikipedia.org/wiki/Power_to_the_people_(slogan)
2251,Russia,Rossijskoe Dvizheniye Demokraticheskikh Reform,Russian Movement for Democratic Reform,,
2253,Russia,Demokraticheskij Vybor Rossii,Russia’s Democratic Choice,,
2254,Russia,Demokraticheskij Vybor Rossii – Ob’edinennye Demokraty,Russia’s Democratic Choice – United Democrats,,
2257,Russia,Zhenshchiny Rossii,Women of Russia,Women in Russia,https://en.wikipedia.org/wiki/Women_in_Russia
2258,Russia,Blok Zhirinovskogo,Zhirinovsky Bloc,,
4118,Saint Kitts and Nevis,Nevis People’s Party,Nevis People’s Party,Nevis,https://en.wikipedia.org/wiki/Nevis
5797,Samoa,Christian Democratic Party,Christian Democratic Party,2016 Democratic Party presidential primaries,https://en.wikipedia.org/wiki/2016_Democratic_Party_presidential_primaries
6240,Samoa,Tupuola‘Efi Supporting Group,Tupuola‘Efi Supporting Group,History of Samoa,https://en.wikipedia.org/wiki/History_of_Samoa
5638,Senegal,Bes du Nakk,Citizen Movement for National Reform,,
6605,Senegal,Démocratie et unité sénégalaises,Senegalese Democracy and Unity,,
3173,Serbia,Bošnjacka demokratska zajednica,Bosniak Democratic Community,2014 Serbian parliamentary election,https://en.wikipedia.org/wiki/2014_Serbian_parliamentary_election
6788,Serbia,Konzervativna stranka,Conservative Party,List of political parties in Croatia,https://en.wikipedia.org/wiki/List_of_political_parties_in_Croatia
3174,Serbia,Demokratski savez Hrvata u Vojvodini,Democratic Alliance of Croats in Vojvodina,Democratic Alliance of Croats in Vojvodina,https://en.wikipedia.org/wiki/Democratic_Alliance_of_Croats_in_Vojvodina
2186,Serbia,Demokratska zajednica vojvođanskih Mađara,Democratic Community of Magyars of Vojvodina,Politics of Vojvodina,https://en.wikipedia.org/wiki/Politics_of_Vojvodina
2194,Serbia,Madjarska Koalicija,Hungarian Coalition,Alliance of Vojvodina Hungarians,https://en.wikipedia.org/wiki/Alliance_of_Vojvodina_Hungarians
6790,Serbia,Nezavisna radikalna stranka,Independent Radical Party,List of political parties in Croatia,https://en.wikipedia.org/wiki/List_of_political_parties_in_Croatia
2195,Serbia,Pokrenimo Srbiju - Tomislav Nikolic,Let's get Serbia moving - Tomislav Nikolic,Tomislav Nikolić,https://en.wikipedia.org/wiki/Tomislav_Nikoli%C4%87
6791,Serbia,National Party,National Party,Serbian Progressive Party,https://en.wikipedia.org/wiki/Serbian_Progressive_Party
6792,Serbia,National Party – Progressive coalition,National Party – Progressive coalition,Progressive Party (Iceland),https://en.wikipedia.org/wiki/Progressive_Party_(Iceland)
2199,Serbia,Partija za Demokratsko Delovanje,Party for Democratic Activity,,
2201,Serbia,Seljacka Stranka Srbije,Peasants Party of Serbia,Peasants Party of Serbia,https://en.wikipedia.org/wiki/Peasants_Party_of_Serbia
5395,Serbia,Za promene - Zajedno!,Together,,
2180,Serbia,Preokret – Cedomir Jovanovic,Turnover – Cedomir Jovanovic,2012 Serbian parliamentary election,https://en.wikipedia.org/wiki/2012_Serbian_parliamentary_election
2182,Serbia,Koalicija Vojvodina,Vojvodina Coalition,Alliance of Vojvodina Hungarians,https://en.wikipedia.org/wiki/Alliance_of_Vojvodina_Hungarians
5541,Seychelles,Popular Democratic Movement,Popular Democratic Movement,Popular Movement (Morocco),https://en.wikipedia.org/wiki/Popular_Movement_(Morocco)
6081,Sierra Leone,National Unity Party,National Unity Party,Sierra Leone People's Party,https://en.wikipedia.org/wiki/Sierra_Leone_People%27s_Party
6444,Sierra Leone,United Progressive Party,United Progressive Party,Sierra Leone People's Party,https://en.wikipedia.org/wiki/Sierra_Leone_People%27s_Party
3278,Singapore,Workers' Party of Singapore,Workers' Party of Singapore,Economy of Singapore,https://en.wikipedia.org/wiki/Economy_of_Singapore
711,Slovakia,Strana Slobodné Slovo – Nory Mojsejovej,Free Word Party of Nora Mojsejová,Alliance of the New Citizen,https://en.wikipedia.org/wiki/Alliance_of_the_New_Citizen
5849,Slovakia,Strana zelených,Green Party (1992),Green Party (Slovakia),https://en.wikipedia.org/wiki/Green_Party_(Slovakia)
582,Slovakia,Slovenská demokratická a kresťanská únia,Slovak Democratic and Christian Union,Slovak Democratic and Christian Union – Democratic Party,https://en.wikipedia.org/wiki/Slovak_Democratic_and_Christian_Union_%E2%80%93_Democratic_Party
4092,Slovenia,Driavljanska zelena lista,Civic Green List,,
3204,Slovenia,Sanjska služba,Dream Job,2014 European Parliament election in Slovenia,https://en.wikipedia.org/wiki/2014_European_Parliament_election_in_Slovenia
4093,Slovenia,Zveza za enakopravnost obCanov,League for Citizens' Equality,,
2099,Slovenia,Liberalno demokratska stranka Slovenije,Liberal Democratic Party of Slovenia,Liberalism in Slovenia,https://en.wikipedia.org/wiki/Liberalism_in_Slovenia
318,Slovenia,Narodno demokratska stranka,National Democratic Party,Democratic Party of Pensioners of Slovenia,https://en.wikipedia.org/wiki/Democratic_Party_of_Pensioners_of_Slovenia
2097,Slovenia,Slovenska obrtno podjetniška stranka,Slovenian Craftsmen and Entreprenerial Party,,
2276,Slovenia,Zdruzena Lista,"Unity, Asssociated List",,
5942,Solomon Islands,Direct Development Party,Direct Development Party,List of political parties in Solomon Islands,https://en.wikipedia.org/wiki/List_of_political_parties_in_Solomon_Islands
5943,Solomon Islands,Kadare Party of Solomon Islands,Kadare Party of Solomon Islands,2014 Solomon Islands general election,https://en.wikipedia.org/wiki/2014_Solomon_Islands_general_election
5278,Solomon Islands,National Action Party of Solomon Islands,National Action Party of Solomon Islands,History of Solomon Islands,https://en.wikipedia.org/wiki/History_of_Solomon_Islands
5279,Solomon Islands,Nationalist Front for Progress,Nationalist Front for Progress,List of countries with coalition governments,https://en.wikipedia.org/wiki/List_of_countries_with_coalition_governments
5280,Solomon Islands,National Unity and Reconciliation Progressive Party,National Unity and Reconciliation Progressive Party,"Ownership, Unity and Responsibility Party","https://en.wikipedia.org/wiki/Ownership,_Unity_and_Responsibility_Party"
5281,Solomon Islands,Party of Our Land,Party of Our Land,Regional Assistance Mission to Solomon Islands,https://en.wikipedia.org/wiki/Regional_Assistance_Mission_to_Solomon_Islands
6080,Solomon Islands,People's Progressive Party,People's Progressive Party,People's Alliance Party (Solomon Islands),https://en.wikipedia.org/wiki/People%27s_Alliance_Party_(Solomon_Islands)
5283,Solomon Islands,Union of Moderate Parties,Union of Moderate Parties,Liberalism by country,https://en.wikipedia.org/wiki/Liberalism_by_country
5929,Solomon Islands,United Democratic Party,United Democratic Party,Democratic Party (Solomon Islands),https://en.wikipedia.org/wiki/Democratic_Party_(Solomon_Islands)
6465,Somalia,Hizbia Digil and Mirifle,Hizbia Digil and Mirifle,Italian Somaliland,https://en.wikipedia.org/wiki/Italian_Somaliland
6464,Somalia,National United Front,National United Front,Ogaden National Liberation Front,https://en.wikipedia.org/wiki/Ogaden_National_Liberation_Front
6606,Somalia,Popular Movement for Democratic Action,Popular Movement for Democratic Action,List of active rebel groups,https://en.wikipedia.org/wiki/List_of_active_rebel_groups
6463,Somalia,Somali Democratic Movement,Somali Democratic Movement,Somali Democratic Republic,https://en.wikipedia.org/wiki/Somali_Democratic_Republic
6467,Somalia,Somali Democratic Union,Somali Democratic Union,Somali Democratic Republic,https://en.wikipedia.org/wiki/Somali_Democratic_Republic
6466,Somalia,Somali Independent Constitutional Party,Somali Independent Constitutional Party,Somalia,https://en.wikipedia.org/wiki/Somalia
5285,Somalia,Somali National Congress,Somali National Congress,Somalia,https://en.wikipedia.org/wiki/Somalia
5219,Somalia,Somali National League,Somali National League,Somalia,https://en.wikipedia.org/wiki/Somalia
6451,Somalia,United Somali Party,United Somali Party,Somali Civil War,https://en.wikipedia.org/wiki/Somali_Civil_War
6610,South Africa,Federal Party,Federal Party,National Party (South Africa),https://en.wikipedia.org/wiki/National_Party_(South_Africa)
5252,South Africa,Hertzog Group,Hertzog Group,J. B. M. Hertzog,https://en.wikipedia.org/wiki/J._B._M._Hertzog
6607,South Africa,National Federal Party,National Federal Party,National Party (South Africa),https://en.wikipedia.org/wiki/National_Party_(South_Africa)
6442,South Africa,National People’s Party,National People’s Party,New National Party (South Africa),https://en.wikipedia.org/wiki/New_National_Party_(South_Africa)
5250,South Africa,New Order Group,New Order Group,Ethnic groups in South Africa,https://en.wikipedia.org/wiki/Ethnic_groups_in_South_Africa
6425,South Africa,Roos Party,Roos Party,Paul Roos (rugby player),https://en.wikipedia.org/wiki/Paul_Roos_(rugby_player)
6441,South Africa,Solidarity,Solidarity,History of Solidarity,https://en.wikipedia.org/wiki/History_of_Solidarity
5623,Spain,Coalició Compromís,Commitment Coalition,Coalició Compromís,https://en.wikipedia.org/wiki/Coalici%C3%B3_Comprom%C3%ADs
2455,Spain,Los Verdes Ecologistas,Greens Ecologists,The Ecologist Greens (Spain),https://en.wikipedia.org/wiki/The_Ecologist_Greens_(Spain)
722,Spain,Union del Pueblo Navarro,Navarrese Peoples Union,Navarrese People's Union,https://en.wikipedia.org/wiki/Navarrese_People%27s_Union
4589,Spain,Progresistas,Progressives,Progresistas,https://en.wikipedia.org/wiki/Progresistas
4595,Spain,Derecha Republicana,Republican Right,Liberal Republican Right,https://en.wikipedia.org/wiki/Liberal_Republican_Right
6362,Spain,Sagastinos,Sagastines,,
4159,Sri Lanka,Puravesi Peramuna,Citizen's Front,,
4160,Sri Lanka,Jathika Hela Urumaya,National Heritage Party,Jathika Hela Urumaya,https://en.wikipedia.org/wiki/Jathika_Hela_Urumaya
4065,Sri Lanka,Illankai Tamil Arasu Kachchi,Sri Lanka Tamil United Party,Sri Lankan Tamils,https://en.wikipedia.org/wiki/Sri_Lankan_Tamils
6852,Suriname,Actie Front,Action Front,Humanitarian response by national governments to the 2010 Haiti earthquake,https://en.wikipedia.org/wiki/Humanitarian_response_by_national_governments_to_the_2010_Haiti_earthquake
6854,Suriname,Actie Groep,Action Group,,
6848,Suriname,Nationale Partij Kombinatie,National Party Combination,Kingdom of the Netherlands,https://en.wikipedia.org/wiki/Kingdom_of_the_Netherlands
3724,Suriname,Naya Kadam,New Choice,,
3726,Suriname,Politieke Vleugel van de FAL,Political Wing of the FAL,Political Wing of the FAL,https://en.wikipedia.org/wiki/Political_Wing_of_the_FAL
6851,Suriname,Progressieve Nationale Partij,Progressive National Party,List of political parties in Suriname,https://en.wikipedia.org/wiki/List_of_political_parties_in_Suriname
3727,Suriname,Hernieuwde Progressieve Partij,Renewed Progressive Party,,
6850,Suriname,Surinaamse Democratische Partij,Surinamese Democratic Party,List of political parties in Suriname,https://en.wikipedia.org/wiki/List_of_political_parties_in_Suriname
6855,Suriname,VHP-bloc,VHP-bloc,1969 Surinamese general election,https://en.wikipedia.org/wiki/1969_Surinamese_general_election
6612,Swaziland,United Swaziland Association,United Swaziland Association,Swaziland at the 2004 Summer Olympics,https://en.wikipedia.org/wiki/Swaziland_at_the_2004_Summer_Olympics
2088,Sweden,Frihandelssinade,Free Traders,,
2085,Sweden,Vänstersocialister,Left Socialists,,
2090,Sweden,Frihandelssinade Högerman,Moderate Free Traders,,
31,Switzerland,Partito socialista autonomo,Autonomous Socialist Party,Autonomous Socialist Party (Ticino),https://en.wikipedia.org/wiki/Autonomous_Socialist_Party_(Ticino)
4515,Switzerland,Katholische Konservative,Catholic Conservatives / Catholic Right,,
4516,Switzerland,Evangelische Konservative,Evangelical Conservatives / Evangelical Right,,
4380,Switzerland,"Liberale Mitte (Liberale, Liberaldemokraten)",Liberal Centre,,
6033,Thailand,Constitutional Front Party,Constitutional Front Party,Democrat Party (Thailand),https://en.wikipedia.org/wiki/Democrat_Party_(Thailand)
5167,Thailand,Nam Thai,Leading Thai party,Thai Rak Thai Party,https://en.wikipedia.org/wiki/Thai_Rak_Thai_Party
5168,Thailand,Seritham,Liberal,2001 Thai general election,https://en.wikipedia.org/wiki/2001_Thai_general_election
6420,Thailand,Muanchon,Mass Party,,
4292,Thailand,Rassadorn,People Party,2005 Thai general election,https://en.wikipedia.org/wiki/2005_Thai_general_election
4308,Thailand,Saha Prachathippatai,United Democrat Party,,
4305,Thailand,Ruam Thai,United Thai Party,List of political parties in Thailand,https://en.wikipedia.org/wiki/List_of_political_parties_in_Thailand
5626,Timor-Leste,Partido Democrático,Democratic Party,Democratic Party (East Timor),https://en.wikipedia.org/wiki/Democratic_Party_(East_Timor)
5624,Timor-Leste,Congresso Nacional de Reconstrução de Timor,National Congress for Timorese Reconstruction,National Congress for Timorese Reconstruction,https://en.wikipedia.org/wiki/National_Congress_for_Timorese_Reconstruction
5677,Timor-Leste,Partido Desenvolvimento Nacional,National Development Party,Portuguese Colonial War,https://en.wikipedia.org/wiki/Portuguese_Colonial_War
5675,Timor-Leste,Partidu Kmanek Haburas Unidade Nasional Timor Oan,National Unity Better Growing Party,,
5673,Timor-Leste,Unidade Nacional Democrática da Resistêia Timorense,National Unity of Timorese Resistance,,
5625,Timor-Leste,Frente Revolucionária do Timor-Leste Independente,Revolutionary Front for an Independent East Timor,Fretilin,https://en.wikipedia.org/wiki/Fretilin
5676,Timor-Leste,Partido Socialista Timorense,Timorese Socialist Party,List of political parties in East Timor,https://en.wikipedia.org/wiki/List_of_political_parties_in_East_Timor
6319,Tonga,Tonga People's Party,Tonga People's Party,List of monarchs of Tonga,https://en.wikipedia.org/wiki/List_of_monarchs_of_Tonga
228,Turkey,Millet Partisi,Nation Party,Nation Alliance (Turkey),https://en.wikipedia.org/wiki/Nation_Alliance_(Turkey)
6932,Turks and Caicos Islands,National Democratic Alliance,National Democratic Alliance,People's Democratic Movement (Turks and Caicos Islands),https://en.wikipedia.org/wiki/People%27s_Democratic_Movement_(Turks_and_Caicos_Islands)
2216,Ukraine,"Vseukrains`ke Ob'ednannya ""Hromada""","All-Ukrainian Association ""Community""",,
2218,Ukraine,Khrystyyans`ko-Demokratychna Partiya Ukrainy,Christian Democratic Party of Ukraine,,
2221,Ukraine,Konhres Ukrains`kykh Natsionalistiv,Congress of Ukrainian Nationalists,,
2223,Ukraine,"Viborchyj Blok ""Natsional`nyi Front""","Electoral Bloc ""National Front""",,
2225,Ukraine,"Vpered, Ukraina","Forward, Ukraine!",Ukraine – Forward!,https://en.wikipedia.org/wiki/Ukraine_%E2%80%93_Forward!
2227,Ukraine,Mizhregional`nyj Blok Reform,Interregional Reform Bloc,,
2229,Ukraine,Partiya Truda,Labour Party,,
2233,Ukraine,Partiya Ekonomycheskoho Vozrozhdeniya Kryma,Party of Economic Revival of Crimea,,
2205,Ukraine,Selyans’ka Partiya Ukrainy,Peasant Party of Ukraine,,
2206,Ukraine,Narodno-Demokratychna Partiya Ukrainy,People’s Democratic Party of Ukraine,,
2210,Ukraine,Sotsial-Demokratychna Partiya Ukrainy (Obyednana),Social Democratic Party of Ukraine (United),,
2214,Ukraine,Ukrainska Respublikanska Partiya,Ukrainian Republican Party,Yulia Tymoshenko Bloc,https://en.wikipedia.org/wiki/Yulia_Tymoshenko_Bloc
2050,United Kingdom,Irish Nationalist [Northern Ireland],Irish Nationalist [Northern Ireland],1973 Northern Ireland border poll,https://en.wikipedia.org/wiki/1973_Northern_Ireland_border_poll
5695,United Kingdom,Repeal Association,Repeal Association,Repeal Association,https://en.wikipedia.org/wiki/Repeal_Association
2428,United States,Southern Democrats (Breckinridge),Southern Democrats (Breckinridge),Southern Democrats,https://en.wikipedia.org/wiki/Southern_Democrats
6865,Uruguay,Lema Blancos,Lema Blancos,Constitution of Uruguay,https://en.wikipedia.org/wiki/Constitution_of_Uruguay
6864,Uruguay,Lema Colorados,Lema Colorados,Constitution of Uruguay,https://en.wikipedia.org/wiki/Constitution_of_Uruguay
5648,Uzbekistan,Progress Party of the Fatherland,Progress Party of the Fatherland,List of communist parties,https://en.wikipedia.org/wiki/List_of_communist_parties
5342,Vanuatu,Federal Party of the New Hebrides,Federal Party of the New Herbides,,
6147,Vanuatu,People's Democratic Party,People's Democratic Party,Natatok Indigenous People's Democratic Party,https://en.wikipedia.org/wiki/Natatok_Indigenous_People%27s_Democratic_Party
5887,Vanuatu,Tan Union,Tan Union,List of flags by color combination,https://en.wikipedia.org/wiki/List_of_flags_by_color_combination
4849,Venezuela,Formula Uno,Formula One,Formula One sponsorship liveries,https://en.wikipedia.org/wiki/Formula_One_sponsorship_liveries
6867,Venezuela,Fuerza Electoral Independiente,Independent Electoral Force,List of political parties in Venezuela,https://en.wikipedia.org/wiki/List_of_political_parties_in_Venezuela
6336,Venezuela,Independientes Pro Frente Nacional,Independents for the National Front,Broad Front (Uruguay),https://en.wikipedia.org/wiki/Broad_Front_(Uruguay)
4820,Venezuela,Nueva Generación Democrática,New Generation Party,Chronology of the 2009 Honduran constitutional crisis,https://en.wikipedia.org/wiki/Chronology_of_the_2009_Honduran_constitutional_crisis
4813,Venezuela,Fuerza Democrática Popular,Popular Democratic Force,List of political parties in Venezuela,https://en.wikipedia.org/wiki/List_of_political_parties_in_Venezuela
6899,Vietnam,Vietnamese Fatherland Front of North Vietnam,Vietnamese Fatherland Front of North Vietnam,President of Vietnam,https://en.wikipedia.org/wiki/President_of_Vietnam
6904,Vietnam,Dong Minh Hoi,Vietnamese RevolutionaryLea gue,,
6907,Vietnam (South),Citizens' Assembly,Citizens' Assembly,National Assembly (Vietnam),https://en.wikipedia.org/wiki/National_Assembly_(Vietnam)
6906,Vietnam (South),Dai-Viet Cap-Tien,Dai Viet Progressive Party,Hạ Long Bay,https://en.wikipedia.org/wiki/H%E1%BA%A1_Long_Bay
6909,Vietnam (South),Movement to Win and Preserve Freedom,Movement to Win and Preserve Freedom,Young Americans for Freedom,https://en.wikipedia.org/wiki/Young_Americans_for_Freedom
5719,Vietnam (South),National Revolutionary Movement,National Revolutionary Movement,Provisional Revolutionary Government of the Republic of South Vietnam,https://en.wikipedia.org/wiki/Provisional_Revolutionary_Government_of_the_Republic_of_South_Vietnam
6908,Vietnam (South),Revolutionary Labor Party,Revolutionary Labor Party,Personalist Labor Revolutionary Party,https://en.wikipedia.org/wiki/Personalist_Labor_Revolutionary_Party
6910,Vietnam (South),Workers' Party,Workers' Party,Workers' Party of Ireland,https://en.wikipedia.org/wiki/Workers%27_Party_of_Ireland
5805,Yemen (South),Unified Political National Front Organisation,Unified Political National Front Organisation,Politics of Yemen,https://en.wikipedia.org/wiki/Politics_of_Yemen
6617,Zimbabwe,National First Party / National People’s Party,National First Party / National People’s Party,People's Party for Freedom and Democracy,https://en.wikipedia.org/wiki/People%27s_Party_for_Freedom_and_Democracy
