statename,party,chisols_first
Afghanistan,Barakzay Dynasty,1929 Inayatullah Khan (Barakzay Dynasty)
Afghanistan,HDK,1978 Taraki (HDK)
Afghanistan,JIA,1992 Burhanuddin Rabbani (JIA)
Afghanistan,JNM,1992 Mojadidi (JNM)
Afghanistan,Non-party,2001 Hamid Karzai (Non-party)
Afghanistan,"Non-party, NRP","1973 Daud (Non-party, NRP)"
Afghanistan,Tal,1996 Mullah Omar (Tal)
Afghanistan,unknown,1929 Habibullah Ghazi (unknown)
Albania,Mati,1925 Zogu (Mati)
Albania,PDS,1992 Berisha (PDS)
Albania,PPS,1944 Hoxha (PPS)
Albania,PSS,1997 Fatos Nano (PSS)
Albania,unknown,1920 Delvina (unknown)
Algeria,Mil,1962 Ben Khedda (Mil)
Angola,MPLA-PT,1975 Neto (MPLA-PT)
Argentina,CC,1932 Justo (CC)
Argentina,FJL,1973 Campora (FJL)
Argentina,Mil,1930 Uriburu (Mil)
Argentina,PJ,1973 Peron (PJ)
Argentina,UCR,1922 Alvear (UCR)
Argentina,UCRI,1958 Frondizi (UCRI)
Argentina,UCRP,1963 Illia (UCRP)
Armenia,HHK,2008 Sarkisyan (HHK)
Armenia,Non-party,1998 Kocharyan (Non-party)
Australia,ACP,1939 Page (ACP)
Australia,ALP,1929 Scullin (ALP)
Australia,CNT,1967 McEwen (CNT)
Australia,LP,1949 Menzies (LP)
Australia,NP,1923 Bruce (NP)
Australia,"UAP, UAP","1932 Lyons (UAP, UAP)"
Austria,CS,1920 Mayr (CS)
Austria,Non-party,1921 Schober (Non-party)
Austria,OVP,1961 Gorbach (OVP)
Austria,SPO,1970 Kreisky (SPO)
Austria,VF,1934 Schuschnigg (VF)
Azerbaijan,AKC,1992 Gambarov (AKC)
Azerbaijan,Non-party,1992 Mamedov (Non-party)
Azerbaijan,YAP,1993 H. Aliyev (YAP)
Bahrain,Al-Khalifa Dynasty,1971 Isa Ibn Al-Khalifah (Al-Khalifa Dynasty)
Bangladesh,BAL,1972 Rahman (BAL)
Bangladesh,BJD,1981 Sattar (BJD)
Bangladesh,Mil,2007 Fakhruddin Ahmed (Mil)
Bangladesh,"Mil, JD","1982 Ershad (Mil, JD)"
Bangladesh,"Mil, Mil","1975 Ziaur Rahman (Mil, Mil)"
Bangladesh,Non-party,1990 Ahmed (Non-party)
Belarus,Non-party,1994 Kuznyatsu (Non-party)
Belgium,BSP,1945 van Acker (BSP)
Belgium,CD&V-NVA,2008 Leterme (CD&V-NVA)
Belgium,CP,1920 de Wiart (CP)
Belgium,CVP,1949 Eyskens G. (CVP)
Belgium,"CVP, CVP","1958 Eyskens G. (CVP, CVP)"
Belgium,Lib,1937 Janson (Lib)
Belgium,PCS-KVV,1939 Pierlot (PCS-KVV)
Belgium,PSC,1978 Vanden Boeynants (PSC)
Belgium,Soc,1938 Spaak (Soc)
Belgium,VLD,1999 Verhofstadt (VLD)
Benin,FARD,1996 Kerekou (FARD)
Benin,Mil,1963 Soglo (Mil)
Benin,"Mil, PRPB, PRB","1972 Kerekou (Mil, PRPB, PRB)"
Benin,Non-party,2006 Boni (Non-party)
Benin,PD,1964 Apithy (PD)
Benin,PRB,1991 Soglo (PRB)
Benin,RDD,1970 Maga (RDD)
Bhutan,DPT,2008 Lyonpo Jigme Thinley (DPT)
Bhutan,Wangchuk Dynasty,1972 Jigme Singye Wangchuk (Wangchuk Dynasty)
Bolivia,ADN,1997 Banzer Suarez (ADN)
Bolivia,FRB,1966 Barrientos Ortuno (FRB)
Bolivia,MAS,2006 Morales Ayama (MAS)
Bolivia,Mil,1930 Blanco Galindo (Mil)
Bolivia,MIR,1989 Paz Zamora (MIR)
Bolivia,MNR,1952 Siles Zuazo (MNR)
Bolivia,MNRA,1979 Guevara Arze (MNRA)
Bolivia,MNRI,1982 Siles Zuazo (MNRI)
Bolivia,Non-party,1946 Guillen (Non-party)
Bolivia,PL,1934 Tejada Sorzano (PL)
Bolivia,PR,1920 Saavedra (PR)
Bolivia,PRIN,1979 Gueiler Tejada (PRIN)
Bolivia,PSD-FRB,1969 Siles Salinas (PSD-FRB)
Bolivia,PURS,1947 Hertzog (PURS)
Bosnia and Herzegovina,HDZ,1999 Jelavic (HDZ)
Bosnia and Herzegovina,SBiH,2002 Belkic (SBiH)
Bosnia and Herzegovina,SDA,2000 Izetbegovic (SDA)
Bosnia and Herzegovina,SDP,2001 Krizanovic (SDP)
Bosnia and Herzegovina,SDS,2002 Sarovic (SDS)
Bosnia and Herzegovina,SNSD,2006 Radmanovic (SNSD)
Bosnia and Herzegovina,SPRS,1998 Radisic (SPRS)
Botswana,BDP,1966 Seretse Khama (BDP)
Brazil,Mil,1964 Ranieri Mazzilli (Mil)
Brazil,Non-party,1930 Vargas (Non-party)
Brazil,PDC,1961 Quadros (PDC)
Brazil,PMDB,1985 Sarney (PMDB)
Brazil,PRM,1919 E. Pessoa (PRM)
Brazil,PRN,1990 Collor de Mello (PRN)
Brazil,PRP,1926 Washington Luis (PRP)
Brazil,PSD,1946 Dutra (PSD)
Brazil,PSDB,1995 Cardoso (PSDB)
Brazil,PT,2003 Lula da Silva (PT)
Brazil,PTB,1951 Vargas (PTB)
Bulgaria,BKP,1946 Dimitrov (BKP)
Bulgaria,BSP,1995 Videnov (BSP)
Bulgaria,BSP-KzB,2005 Stanishev (BSP-KzB)
Bulgaria,House of Saxe-Coburg-Gotha,1943 Cyril (House of Saxe-Coburg-Gotha)
Bulgaria,Mil,1944 Georgiev (Mil)
Bulgaria,NDSV,2001 Sakskoburggotski (NDSV)
Bulgaria,Non-party,1990 Popov (Non-party)
Bulgaria,SDS,1991 F. Dimitrov (SDS)
Burkina Faso,Mil,1966 Lamizana (Mil)
Burkina Faso,UDV,1960 Yameogo (UDV)
Burkina Faso,UDV-RDA,1971 Gerard Kango Ouedraogo (UDV-RDA)
Burundi,CNDD-FDD,2005 Nkurunziza (CNDD-FDD)
Burundi,FRODEBU,1993 Ndadaye (FRODEBU)
Burundi,Mil,1966 Micombero (Mil)
Burundi,Mwambutsa dynasty,1962 Mwambutsa (Mwambutsa dynasty)
Burundi,UPRONA,1993 Kinigi (UPRONA)
Cambodia,FUNK,1953 Sihanouk (FUNK)
Cambodia,KCP,1975 Pol Pot (KCP)
Cambodia,KPK,1993 Ranariddh (KPK)
Cambodia,Mil,1970 Lon Nol (Mil)
Cambodia,PRPK,1979 Heng Samrin (PRPK)
Cambodia,"PRPK, KPK","1985 Hun Sen (PRPK, KPK)"
Cameroon,"UC, UNC","1960 Ahidjo (UC, UNC)"
Cameroon,"UNC, RDPC","1982 Biya (UNC, RDPC)"
Canada,CP,1920 Meighen (CP)
Canada,CPC,2006 Harper (CPC)
Canada,LP,1921 King (LP)
Canada,PC,1957 Diefenbaker (PC)
Central African Republic,MESAN,1960 Dacko (MESAN)
Central African Republic,"MESAN, UDC","1979 Dacko (MESAN, UDC)"
Central African Republic,Mil,1966 Bokassa (Mil)
Central African Republic,"Mil, RDC","1981 Kolingba (Mil, RDC)"
Central African Republic,MLPC,1993 Patasse (MLPC)
Chad,"FAN, UNIR","1982 Habre (FAN, UNIR)"
Chad,FROLIANT-FAP,1979 Oueddei (FROLIANT-FAP)
Chad,Mil,1975 Malloum (Mil)
Chad,MPS,1990 Deby (MPS)
Chad,"PPT, MNRCS","1960 Tombalbaye (PPT, MNRCS)"
Chile,APL,1952 Ibanez del Campo (APL)
Chile,Concertacion,1990 Aylwin (Concertacion)
Chile,FP,1946 Duhalde Vasquez (FP)
Chile,Mil,1924 Altamirano (Mil)
Chile,Non-party,1932 Oyandel Urrutia (Non-party)
Chile,PC,1958 Alessandri Rodriguez (PC)
Chile,PDC,1964 Frei Montalva (PDC)
Chile,PL,1920 Alessandri Palma (PL)
Chile,PLD,1925 Figueroa Larrain (PLD)
Chile,PR,1931 Montero Rodriquez (PR)
Chile,PS-UP,1970 Allende (PS-UP)
China,CPC,1949 Mao Tse-Tung (CPC)
China,KMT-WC,1940 Wang Jingwei (KMT-WC)
China,Mil,1928 Chiang Kai-shek (Mil)
China,unknown,1922 Li Yuan-Hung (unknown)
Colombia,Mil,1953 Rojas Pinilla (Mil)
Colombia,"Non-party, PC","2002 Uribe (Non-party, PC)"
Colombia,PCS,1921 J. Holguin (PCS)
Colombia,PL,1930 Olaya Herrera (PL)
Comoros,CRC,2002 Assoumani (CRC)
Comoros,FNS,2006 Sambi (FNS)
Comoros,Mil,1999 Assoumani (Mil)
Comoros,non-party,1998 Massounde (non-party)
Comoros,PRC,2002 Hamada Madi (PRC)
Comoros,RDR,1995 el-Yachroutu (RDR)
Comoros,RND,1996 Abdoulkarim (RND)
Comoros,"UCP, unknown, RDR","1989 Djohar (UCP, unknown, RDR)"
Comoros,unknown,1978 Bob Denard (unknown)
Congo,Mil,1968 Raoul (Mil)
Congo,MNR,1963 Massamba-Debat (MNR)
Congo,"PCT, FDU","1997 Sassou-Nguesso (PCT, FDU)"
Congo,UDDIA,1960 Youlou (UDDIA)
Congo,UPADS,1992 Lissouba (UPADS)
Costa Rica,Civ,1928 Gonzalez Viquez (Civ)
Costa Rica,Mil,1948 Figueres Ferrer (Mil)
Costa Rica,PCon,1920 Acosta Garcia (PCon)
Costa Rica,PLN,1953 Figueres Ferrer (PLN)
Costa Rica,PR,1924 Jimenez Oreamuno (PR)
Costa Rica,PRD,1978 Carazo Odio (PRD)
Costa Rica,PRN,1932 Jimenez Oreamuno (PRN)
Costa Rica,PUN,1949 Ulate Blanco (PUN)
Costa Rica,PUSC,1990 Calderon Fournier (PUSC)
Croatia,HDZ,1999 Pavletic (HDZ)
Croatia,HSS,2000 Tomcic (HSS)
Croatia,Non-party,2000 Mesic (Non-party)
Cuba,ABC,1933 de Cespedes (ABC)
Cuba,CSD,1940 Batista (CSD)
Cuba,Mil,1952 Batista (Mil)
Cuba,PCC,1959 F. Castro (PCC)
Cuba,PL,1925 Machado Morales (PL)
Cuba,PPC-LN,1921 Zayas y Alfonso (PPC-LN)
Cuba,PRC,1933 Grau San Martin (PRC)
Cuba,PRC-A,1944 Grau San Martin (PRC-A)
Cuba,UN,1934 Mendieta (UN)
Cyprus,AKEL,2008 Christofias (AKEL)
Cyprus,DIKO,1977 Kyprianou (DIKO)
Cyprus,DISY,1993 Clerides (DISY)
Cyprus,Eniaion,1974 Clerides (Eniaion)
Cyprus,EOKA,1974 Sampson (EOKA)
Cyprus,Non-party,1960 Makarios (Non-party)
Czech Republic,CSSD,1998 Zeman (CSSD)
Czech Republic,Non-party,1997 Tosovsky (Non-party)
Czech Republic,ODS,1993 Klaus (ODS)
Czech Republic,"ODS, ODS","2006 Topolanek (ODS, ODS)"
Czechoslovakia,CNSP,1945 Benes (CNSP)
Czechoslovakia,CNSS,1921 Benes (CNSS)
Czechoslovakia,CSDS,1919 Tusar (CSDS)
Czechoslovakia,KSC,1948 Gottwald (KSC)
Czechoslovakia,"KSC, PAV, PAV","1989 Calfa (KSC, PAV, PAV)"
Czechoslovakia,non-party,1920 Cerny (non-party)
Czechoslovakia,ODS-KDS,1992 Strasky (ODS-KDS)
Czechoslovakia,RSZML,1922 Svehla (RSZML)
Democratic Republic of the Congo,ABAKO,1960 Kasavubu (ABAKO)
Democratic Republic of the Congo,AFDL,1997 Laurent Kabila (AFDL)
Democratic Republic of the Congo,"AFDL, PPRD","2001 Joseph Kabila (AFDL, PPRD)"
Democratic Republic of the Congo,Mil,1960 Mobutu (Mil)
Democratic Republic of the Congo,"Mil, MRP","1965 Mobutu (Mil, MRP)"
Democratic Republic of the Congo,MNC-L,1960 Lumumba (MNC-L)
Denmark,CON,1982 Schluter (CON)
Denmark,LIB,1945 Kristensen (LIB)
Denmark,LP-V,1920 Neergaard (LP-V)
Denmark,Non-party,1920 Liebe (Non-party)
Denmark,RAD,1968 Baunsgaard (RAD)
Denmark,SD,1924 Stauning (SD)
Denmark,"SD, SD","1955 Hansen (SD, SD)"
Djibouti,RPP,1977 Gouled Aptidon (RPP)
Dominican Republic,Mil,1962 Echavarria (Mil)
Dominican Republic,PD,1930 Trujillo (PD)
Dominican Republic,PLD,1996 L. Fernandez (PLD)
Dominican Republic,PNG,1924 Vasquez (PNG)
Dominican Republic,PRD,1963 Bosch (PRD)
Dominican Republic,PRSC,1965 Godoy (PRSC)
Dominican Republic,Rep,1930 Estrella Urena (Rep)
Dominican Republic,UCN,1963 de los Santos (UCN)
East Timor,Non-Party,2007 Ramos-Horta (Non-Party)
Ecuador,AD,1934 Velasco Ibarra (AD)
Ecuador,AP,2007 Correa Delgado (AP)
Ecuador,CFP,1979 Roldos (CFP)
Ecuador,CID,1966 Arosemena Gomez (CID)
Ecuador,DP,2005 Palacio Gonzalez (DP)
Ecuador,DP-UDC,1981 Hurtado Larrea (DP-UDC)
Ecuador,FNV,1952 Velasco Ibarra (FNV)
Ecuador,FRA,1997 Alarcon (FRA)
Ecuador,ID,1988 Borja Cevallos (ID)
Ecuador,MCDN,1948 Plaza Lasso (MCDN)
Ecuador,MIAR,1997 Arteaga Serrano (MIAR)
Ecuador,Mil,1931 Larrea Alba (Mil)
Ecuador,MSC,1956 Ponce Enriquez (MSC)
Ecuador,Non-party,1935 Paez (Non-party)
Ecuador,PCE,1947 Suarez (PCE)
Ecuador,PL,1931 Baquerizo (PL)
Ecuador,PLR,1920 Tamayo (PLR)
Ecuador,PNR,1961 Arosemena Monroy (PNR)
Ecuador,PRE,1996 Bucaram Ortiz (PRE)
Ecuador,PSC,1984 Febres Cordero (PSC)
Ecuador,PSP,2003 Gutierrez (PSP)
Ecuador,PUR,1992 Duran Ballen (PUR)
Ecuador,unknown,1925 Ayora (unknown)
Ecuador,Unknown,1947 Arosemena Tola (Unknown)
Ecuador,VR,1932 Freile Larrea (VR)
Egypt,"ASU, HDW","1970 Sadat (ASU, HDW)"
Egypt,HDW,1981 Mubarak (HDW)
Egypt,Mil,1952 Naguib (Mil)
El Salvador,ARENA,1989 Cristiani (ARENA)
El Salvador,Mil,1931 Hernandez Martinez (Mil)
El Salvador,Non-party,1962 Cordon (Non-party)
El Salvador,PDC,1980 Duarte (PDC)
El Salvador,PND,1919 J. Melendez (PND)
El Salvador,PT,1931 Araujo (PT)
Equatorial Guinea,"Mil, PDGE","1979 Nguema Mbasogo (Mil, PDGE)"
Equatorial Guinea,"Non-Party, PUNT","1968 Macias Nguema (Non-Party, PUNT)"
Eritrea,PFDJ,1993 Afewerki (PFDJ)
Estonia,EK,1992 Vahi (EK)
Estonia,ER,1919 Tonisson (ER)
Estonia,ESTP,1928 Rei (ESTP)
Estonia,ETE,1919 Strandman (ETE)
Estonia,IERSP,1999 Laar (IERSP)
Estonia,Isamaa,1992 Laar (Isamaa)
Estonia,KMU,1995 Vahi (KMU)
Estonia,KMU-K,1997 Siimann (KMU-K)
Estonia,KRE,1924 Akel (KRE)
Estonia,Non-party,1994 Tarand (Non-party)
Estonia,PK,1921 Pats (PK)
Estonia,"PK, I","1933 Pats (PK, I)"
Estonia,PKK,1932 Teemant (PKK)
Estonia,R,1991 Savisaar (R)
Estonia,RE,2002 Kallas (RE)
Estonia,ResP,2003 Parts (ResP)
Ethiopia,EWP,1991 Gebre Kidan (EWP)
Ethiopia,Mil,1974 Andom (Mil)
Ethiopia,Solomonic Dynasty,1930 Selassie (Solomonic Dynasty)
Ethiopia,TPLF,1991 Zenawi (TPLF)
Fiji,FAP,1970 Mara (FAP)
Fiji,FLP,1987 Bavadra (FLP)
Fiji,"FPP-SVT, FPP-SVT","1992 Rabuka (FPP-SVT, FPP-SVT)"
Fiji,Mil,1987 Rabuka (Mil)
Fiji,Non-party,2006 Jona Senilagakali (Non-party)
Fiji,Non-Party,1987 Mara (Non-Party)
Fiji,"Non-party, FUP-SDL","2000 Laisenia Qarase (Non-party, FUP-SDL)"
Finland,ED,1919 Stahlberg (ED)
Finland,KOK,1931 Svinhufvud (KOK)
Finland,ML,1925 Relander (ML)
Finland,non-party,1944 Mannerheim (non-party)
Finland,SDP,1981 Koivisto (SDP)
France,ERD,1940 Reynaud (ERD)
France,GAUL,1950 Pleven (GAUL)
France,GD,1930 Steeg (GD)
France,Ind,1969 Poher (Ind)
France,IND,1952 Pinay (IND)
France,Mil,1940 Petain (Mil)
France,MRP,1946 Bidault (MRP)
France,Non-party,1931 Laval (Non-party)
France,Non-Party,1920 Millerand (Non-Party)
France,"Non-party, Non-party","1944 De Gaulle (Non-party, Non-party)"
France,PRS,1921 Briand (PRS)
France,PS,1938 Blum (PS)
France,PSF,1946 Gouin (PSF)
France,RAD,1924 Herriot (RAD)
France,RG,1920 Leygues (RG)
France,RI,1974 Giscard D'Estaing (RI)
France,"RPR, UMP","1995 Chirac (RPR, UMP)"
France,RSP,1948 Marie (RSP)
France,SFIO,1936 Blum (SFIO)
France,UDR,1969 Pompidou (UDR)
France,UMP,2007 Sarkozy (UMP)
France,UR,1922 Poincare (UR)
Gabon,BDG,1960 Mba (BDG)
Gabon,"BDG, PDG","1967 Bongo (BDG, PDG)"
Gabon,Mil,1964 Aubaume (Mil)
Gambia,"Mil, APRC","1994 Jammeh (Mil, APRC)"
Gambia,PPP,1965 Jawara (PPP)
Georgia,BDA,2003 Burdzhanadze (BDA)
Georgia,ENM,2004 Saakashvili (ENM)
Georgia,Mil,1992 Ioseliani (Mil)
Georgia,"Non-party, SMK","1992 Shevardnadze (Non-party, SMK)"
German Democratic Republic,SED,1971 Honecker (SED)
German Democratic Republic,SED-PDS,1989 Gysi (SED-PDS)
German Federal Republic,CDU,1963 Erhard (CDU)
German Federal Republic,SPD,1969 Brandt (SPD)
Germany,CDU,2005 Merkel (CDU)
Germany,DVP,1923 Stresemann (DVP)
Germany,Mil,1945 Doenitz (Mil)
Germany,Non-party,1922 Cuno (Non-party)
Germany,NSDAP,1933 Hitler (NSDAP)
Germany,SPD,1919 Scheidemann (SPD)
Germany,Z,1920 Fehrenbach (Z)
Ghana,Mil,1966 Ankrah (Mil)
Ghana,"Mil, NDC","1981 Rawlings (Mil, NDC)"
Ghana,NPP,2001 Kufuor (NPP)
Ghana,PNP,1979 Limann (PNP)
Ghana,PP,1969 Busia (PP)
Greece,CR,1924 Michalakopoulos (CR)
Greece,CU,1963 G. Papandreou (CU)
Greece,DE,1924 Papanastasiou (DE)
Greece,Diss-CU,1965 Tsirimokos (Diss-CU)
Greece,EEK,1945 Kanellopoulos (EEK)
Greece,EK,1944 G. Papandreou (EK)
Greece,EPEK,1950 Plastiras (EPEK)
Greece,ERE,1958 Karamanlis (ERE)
Greece,"ERE, ND","1974 Karamanlis (ERE, ND)"
Greece,ERK,1926 Kondilis (ERK)
Greece,GRAL,1952 Papagos (GRAL)
Greece,"GRAL, ERE","1955 Karamanlis (GRAL, ERE)"
Greece,House of Denmark,1920 Konstantinos I (House of Denmark)
Greece,KF,1924 Venizelos (KF)
Greece,LIB,1950 S. Venizelos (LIB)
Greece,LIB-?,1949 Diomidis (LIB-?)
Greece,LIB-Sof,1945 Sophoulis (LIB-Sof)
Greece,"LIB, LIB","1950 S. Venizelos (LIB, LIB)"
Greece,LK,1920 Rallis (LK)
Greece,LKK,1955 Stephanopoulos (LKK)
Greece,Mil,1922 Plastiras (Mil)
Greece,ND,1980 Rallis (ND)
Greece,Non-party,1926 Zaimis (Non-party)
Greece,NRP,1935 Kondylis (NRP)
Greece,PASOK,1981 Papandreou (PASOK)
Greece,POP,1946 Tsaldaris (POP)
Guatemala,FRG,2000 Portillo (FRG)
Guatemala,GANA,2004 Berger (GANA)
Guatemala,Lib,1920 Herrera y Luna (Lib)
Guatemala,MAS,1991 Serrano Elias (MAS)
Guatemala,Mil,1921 J. Orellana (Mil)
Guatemala,Non-Party,1993 Leon Carpio (Non-Party)
Guatemala,PAN,1957 Gonzalez Lopez (PAN)
Guatemala,PAR,1945 Arevalo (PAR)
Guatemala,PDCG,1986 Cerezo (PDCG)
Guatemala,PRDN,1958 Ydigoras Fuentes (PRDN)
Guatemala,UNE,2008 Colom (UNE)
Guatemala,Unknown,1930 Palma (Unknown)
Guinea,Mil,2008 Camara (Mil)
Guinea,"Mil, PUP","1984 Conte (Mil, PUP)"
Guinea,PDG,1958 Toure (PDG)
Guinea,PUP,2008 Sompare (PUP)
Guinea-Bissau,Mil,1999 Mane (Mil)
Guinea-Bissau,Non-party,2003 Rosa (Non-party)
Guinea-Bissau,PAIGC,1974 Cabral (PAIGC)
Guinea-Bissau,PRS,2000 Iala (PRS)
Guyana,PNC-R,1966 Burnham (PNC-R)
Guyana,PPP-C,1992 Ch. Jagan (PPP-C)
Haiti,FL,2001 Aristide (FL)
Haiti,FLP,2006 Preval (FLP)
Haiti,FNCD,1991 Aristide (FNCD)
Haiti,Mil,1946 Lavaud (Mil)
Haiti,MOP,1957 Executive Council (MOP)
Haiti,Non-party,1946 Estime (Non-party)
Haiti,OPL,1996 Preval (OPL)
Haiti,PUN,1957 F. Duvalier (PUN)
Haiti,RDNP,1988 Manigat (RDNP)
Haiti,Unknown,1934 Vincent (Unknown)
Honduras,Mil,1956 Caraccioli (Mil)
Honduras,PLH,1919 Bogran (PLH)
Honduras,PNH,1925 Paz Barahona (PNH)
Hungary,Fidesz,1998 Orban (Fidesz)
Hungary,KNEP,1919 Friedrich (KNEP)
Hungary,MDF,1990 Antall (MDF)
Hungary,MDP,1956 Nagy (MDP)
Hungary,"mil, mil","1920 Horthy (mil, mil)"
Hungary,MKP,1945 Rakosi (MKP)
Hungary,MSzMP,1956 Kadar (MSzMP)
Hungary,MSzP,1919 Kun (MSzP)
Hungary,MSZP,1989 Szuros (MSZP)
Hungary,SzDP,1919 Peidl (SzDP)
India,BJP,1996 Vajpayee (BJP)
India,"BJP-NDA, BJP, BJP-NDA","1998 Vajpayee (BJP-NDA, BJP, BJP-NDA)"
India,INC,1947 Nehru (INC)
India,INC-I,1980 Gandhi I. (INC-I)
India,INC-UPA,2004 Manmohan Singh (INC-UPA)
India,JD-S,1990 Shekhar (JD-S)
India,JP,1977 Desai (JP)
India,JP-S,1979 Charan Singh (JP-S)
India,NF-JD,1989 Pratap Singh (NF-JD)
India,UF-DMK,1997 Gujral (UF-DMK)
India,UF-JD,1996 Gowda (UF-JD)
Indonesia,Golkar,1966 Suharto (Golkar)
Indonesia,PD,2004 Bambang Yudhoyono (PD)
Indonesia,PDI-P,2001 Megawati Sukarnoputri (PDI-P)
Indonesia,PKB,1999 Wahid (PKB)
Indonesia,PNI,1949 Sukarno (PNI)
Iran,AII,2005 Ahmadinejad (AII)
Iran,"Mil, Pahlavi Dynasty","1921 Reza Khan (Mil, Pahlavi Dynasty)"
Iran,NF,1951 Mohammad Mossadeg (NF)
Iran,Non-party,1979 Khomeini (Non-party)
Iran,Pahlavi Dynasty,1941 Mohammad Reza (Pahlavi Dynasty)
Iraq,Ba'ath,1979 Saddam Hussein (Ba'ath)
Iraq,Hashimid Dynasty,1932 Faisal I (Hashimid Dynasty)
Iraq,IDM,2005 al-Jaafari (IDM)
Iraq,IIA,1963 Salem Aref (IIA)
Iraq,INA,2004 Allawi (INA)
Iraq,Mil,1958 Karrim Kassem (Mil)
Iraq,United States,2003 Franks (United States)
Ireland,FF,1932 de Valera (FF)
Ireland,"FF, FF","1987 Haughey (FF, FF)"
Ireland,FG,1948 Costello (FG)
Israel,KAD,2006 Olmert (KAD)
Israel,LAB,1984 Peres (LAB)
Israel,LAB-Gesher-Meimad,1999 Barak (LAB-Gesher-Meimad)
Israel,LIK,1977 Begin (LIK)
Israel,MPAI,1948 Ben Gurion (MPAI)
Israel,MPAI-ALNM,1969 Allon (MPAI-ALNM)
Israel,MPAI-LAB,1974 Rabin (MPAI-LAB)
Italy,AP,1945 Parri (AP)
Italy,DC,1945 de Gasperi (DC)
Italy,"DC, DC","1960 Fanfani (DC, DC)"
Italy,FI,1994 Berlusconi (FI)
Italy,Mil,1943 Badoglio (Mil)
Italy,Non-party,1944 Bonomi (Non-party)
Italy,Non-Party,1993 Ciampi (Non-Party)
Italy,OT,2006 Prodi (OT)
Italy,PDS-DS,1998 D'Alema (PDS-DS)
Italy,PL,1920 Giolitti (PL)
Italy,PNF,1922 Mussolini (PNF)
Italy,PPI,1996 Prodi (PPI)
Italy,PRI,1981 Spadolini (PRI)
Italy,PSI,1983 Craxi (PSI)
Italy,PSRI,1921 Bonomi (PSRI)
Italy,Rad,1919 Nitti (Rad)
Ivory Coast,FPI,2000 Gbagbo (FPI)
Ivory Coast,Mil,1999 Guei (Mil)
Ivory Coast,PDCI,1960 Houphouet-Boigny (PDCI)
Jamaica,JLP,1962 Bustamante (JLP)
Jamaica,PNP,1972 Manley (PNP)
Japan,CD,1929 Hamaguchi (CD)
Japan,Con,1924 Takaaki Kato (Con)
Japan,"DP, JD, LDP","1954 Hatoyama (DP, JD, LDP)"
Japan,FC,1921 Takahashi K. (FC)
Japan,IRAA,1940 Konoe F. (IRAA)
Japan,JNP,1993 Hosokawa (JNP)
Japan,KAIS,1994 Hata (KAIS)
Japan,LDP,1956 Ishibashi (LDP)
Japan,"LDP, LDP","1982 Nakasone (LDP, LDP)"
Japan,LP,1952 Yoshida (LP)
Japan,Mil,1922 Tomosaburo Kato (Mil)
Japan,non-party,1921 Uchida (non-party)
Japan,Non-party,1923 Uchida (Non-party)
Japan,SDPJ,1994 Murayama (SDPJ)
Jordan,Hashemite Dynasty,1951 Abdullah El-Hashim (Hashemite Dynasty)
Kenya,DP,2002 Kibaki (DP)
Kenya,KANU,1963 Kenyatta (KANU)
Kuwait,Al-Sabah Dynasty,1965 Sabah Al-Sabah (Al-Sabah Dynasty)
Kuwait,Iraq,1990 Saddam Hussein (Iraq)
Kyrgyzstan,KEK,2005 Bakiyev (KEK)
Laos,CDNI,1959 Nosavan Phoumi (CDNI)
Laos,NLPK,1960 Souvanna Phouma (NLPK)
Laos,Non-party,1960 Kou Abhay Og Long (Non-party)
Laos,NPP,1954 Katay Don Sasorith (NPP)
Laos,"NPP, NPP","1956 Souvanna Phouma (NPP, NPP)"
Laos,PPPL,1975 Phomivan (PPPL)
Laos,RLP,1958 Sananikone (RLP)
Laos,Unknown,1964 Kouprasith (Unknown)
Latvia,ALSMSP-LS,1926 Skujenieks (ALSMSP-LS)
Latvia,DC,1924 Zamuels (DC)
Latvia,JL,2002 Repse (JL)
Latvia,JSP,1933 Blodnieks (JSP)
Latvia,LC,1993 Birkavs (LC)
Latvia,LPP-LC,2007 Godmanis (LPP-LC)
Latvia,LZP,1919 Niedra (LZP)
Latvia,LZS,1919 Ulmanis (LZS)
Latvia,"LZS, Non-party","1934 Ulmanis (LZS, Non-party)"
Latvia,Non-party,1919 Borkovskis (Non-party)
Latvia,PA,1931 Skujenieks (PA)
Latvia,TB-LNNK,1997 Krasts (TB-LNNK)
Latvia,TP,1999 Skele (TP)
Latvia,ZZS,2004 Emsis (ZZS)
Lebanon,FM,2007 Siniora (FM)
Lebanon,KPL,1964 Helou (KPL)
Lebanon,LF,1970 Franjieh (LF)
Lebanon,Mil,1952 Chehab (Mil)
Lebanon,Non-party,1976 Sarkis (Non-party)
Lebanon,SNF,1952 Chamoun (SNF)
Lebanon,unknown,1989 Moawad (unknown)
Lesotho,BCP,1993 Mokhehle (BCP)
Lesotho,"BCP, LCD","1994 Mokhehle (BCP, LCD)"
Lesotho,BNP,1966 Jonathan (BNP)
Lesotho,Koena dynasty,1994 Letsie III (Koena dynasty)
Lesotho,LCD,1998 Mosisili (LCD)
Lesotho,Mil,1986 Lekhanya (Mil)
Liberia,LAP,2003 Bryant (LAP)
Liberia,LPP,1990 Sawyer (LPP)
Liberia,"Mil, NDP","1980 Doe (Mil, NDP)"
Liberia,NDP,1996 Perry (NDP)
Liberia,Non-party,1994 Kpormapkor (Non-party)
Liberia,NPP,1997 Taylor (NPP)
Liberia,TWP,1930 Barclay (TWP)
Liberia,UP,2006 Johnson-Sirleaf (UP)
Libya,Non-party,1969 Qaddafi (Non-party)
Libya,Senussi dynasty,1951 Idris (Senussi dynasty)
Lithuania,LDDP,1992 Brazauskas (LDDP)
Lithuania,LKDP,1920 Stulginskis (LKDP)
Lithuania,LLP,2003 Paksas (LLP)
Lithuania,LTS,1926 Smetona (LTS)
Lithuania,LVLS,1926 Grinius (LVLS)
Lithuania,Non-party,1998 Adamkus (Non-party)
Lithuania,NS,2004 Paulauskas (NS)
Macedonia,VMRO,1998 Georgievski (VMRO)
Macedonia,VMRO-DPMNE,2006 Gruevski (VMRO-DPMNE)
Macedonia,ZMZ,2002 Crvenkovski (ZMZ)
Madagascar,AREMA,1997 Ratsiraka (AREMA)
Madagascar,AVI,1996 Ratsirahonana (AVI)
Madagascar,FNDR,1975 Ratsiraka (FNDR)
Madagascar,Mil,1972 Ramanantsoa (Mil)
Madagascar,PSD,1960 Tsiranana (PSD)
Madagascar,TIM,2002 Ravalomanana (TIM)
Madagascar,UNDD,1993 Zafy (UNDD)
Malawi,MCP,1964 Banda (MCP)
Malawi,UDF,1994 Muluzi (UDF)
Malawi,"UDF, DPP","2004 Mutharika (UDF, DPP)"
Malaysia,UMNO,1957 Rahman (UMNO)
Mali,ADM,1992 Konare (ADM)
Mali,CCD,2002 Toure (CCD)
Mali,Mil,1991 Toure (Mil)
Mali,"Mil, UDPM","1968 Traore (Mil, UDPM)"
Mali,US-RDA,1960 Keita (US-RDA)
Mauritania,Mil,1978 Ould Mohamed Salek (Mil)
Mauritania,"Mil, PRDS","1984 Ould Sid'Ahmed Taya (Mil, PRDS)"
Mauritania,Non-party,2007 Sidi Mohamed Ould Cheikh Abdellahi (Non-party)
Mauritania,"PRM, PPM","1960 Ould Daddah (PRM, PPM)"
Mauritius,MMM,1982 Jugnauth (MMM)
Mauritius,MSM,2000 Jugnauth (MSM)
Mauritius,PTr,1995 N. Ramgoolam (PTr)
Mauritius,"PTr, PTr","1968 Ramgoolam (PTr, PTr)"
Mexico,PAN,2000 Fox (PAN)
Mexico,PLC,1920 Obregon (PLC)
Mexico,PNA,1920 de la Huerta (PNA)
Mexico,PNR,1924 Calles (PNR)
Mexico,"PNR, PRM","1934 Cardenas (PNR, PRM)"
Mexico,PRI,1946 Aleman Valdes (PRI)
Mexico,PRM,1940 Avila Camacho (PRM)
Moldova,Non-party,1997 Lucinschi (Non-party)
Moldova,PCRM,2001 Tarlev (PCRM)
Mongolia,MAKN,1921 Dogsomyn Bodo (MAKN)
Mongolia,"MAKN, MUAN","1990 Ochirbat (MAKN, MUAN)"
Montenegro,DPSC,2006 Sturanovic (DPSC)
Morocco,Alaoui dynasty,1956 Mohammed V (Alaoui dynasty)
Mozambique,FRELIMO,1975 Machel (FRELIMO)
Myanmar,AFPFL,1948 U Nu (AFPFL)
Myanmar,Mil,1958 Ne Win (Mil)
Myanmar,PSPB,1988 Maung Maung (PSPB)
Myanmar,UnP,1960 U Nu (UnP)
Namibia,SWAPO,1990 Nujoma (SWAPO)
Nepal,CPN-M,2008 Prachanda (CPN-M)
Nepal,CPN-UML,1994 Man Mohan Adhilari (CPN-UML)
Nepal,NCP,1990 Krishna Prasad Bhatterai (NCP)
Nepal,"NCP, NCP","1998 Girija Prasad Koirala (NCP, NCP)"
Nepal,Rana Dynasty,1929 Bhim Rana (Rana Dynasty)
Nepal,RPP,1997 Lokendra Bahadur Chand (RPP)
Nepal,Shah Dynasty,1951 Tribhuvan (Shah Dynasty)
Netherlands,ARP,1925 Colijn (ARP)
Netherlands,CDA,1977 van Agt (CDA)
Netherlands,CHU,1926 de Geer (CHU)
Netherlands,KVP,1946 Beel (KVP)
Netherlands,PvdA,1948 Drees (PvdA)
Netherlands,RKSP,1929 de Beerenbrouck (RKSP)
Netherlands,VDB,1945 Schermerhorn (VDB)
New Zealand,Lab,1935 Savage (Lab)
New Zealand,Nat,2008 Key (Nat)
New Zealand,NP,1949 Holland (NP)
New Zealand,"NP, NP","1990 Bolger (NP, NP)"
New Zealand,Ref,1925 Bell (Ref)
New Zealand,Uni,1928 Ward (Uni)
New Zealand,"Uni, Uni","1930 Forbes (Uni, Uni)"
Nicaragua,FSLN,1979 Ortega (FSLN)
Nicaragua,Mil,1936 Brenes Jarquin (Mil)
Nicaragua,PC,1923 Martinez Gonzalez (PC)
Nicaragua,PL,1929 Moncada (PL)
Nicaragua,PLC,1997 Aleman (PLC)
Nicaragua,"PLC, APRE","2002 Bolanos (PLC, APRE)"
Nicaragua,PLN,1947 Arguello (PLN)
Nicaragua,PN,1921 Chamorro Bolanos (PN)
Nicaragua,UNO,1990 V. Chamorro (UNO)
Niger,CDS,1993 Ousmane (CDS)
Niger,Mil,1974 Kountche (Mil)
Niger,"Mil, MNSD","1987 Seibou (Mil, MNSD)"
Niger,MNSD,1999 Mamadou Tandja (MNSD)
Niger,PPN,1960 Diori (PPN)
Nigeria,Mil,1966 Ironsi (Mil)
Nigeria,Non-party,1993 Shonekan (Non-party)
Nigeria,NPC,1960 Balewa (NPC)
Nigeria,NPN,1979 Shagari (NPN)
Nigeria,PDP,1999 Obasanjo (PDP)
North Korea,CND,1948 Kim Il Sung (CND)
Norway,AP,1945 Nygaardsvold (AP)
Norway,Bp,1931 Kolstad (Bp)
Norway,CON,1963 Lyng (CON)
Norway,"CON, CON","1981 Willoch (CON, CON)"
Norway,CP,1965 Borten (CP)
Norway,CPP,1972 Korvald (CPP)
Norway,DNA,1928 Hornsrud (DNA)
Norway,FV,1923 Berge (FV)
Norway,H,1920 Halvorsen (H)
Norway,NS,1940 Quisling (NS)
Norway,V,1921 Blehr (V)
Pakistan,AL,1956 Shahid Suhrawardy (AL)
Pakistan,IJI,1990 Jatoi (IJI)
Pakistan,Mil,1958 Ayub Khan (Mil)
Pakistan,ML,1947 Jinnah (ML)
Pakistan,Non-party,1996 Khalid (Non-party)
Pakistan,Non-Party,1993 Qureshi (Non-Party)
Pakistan,PML-N,1990 Sharif (PML-N)
Pakistan,PML-Q,2008 Soomro (PML-Q)
Pakistan,PPP,1971 Bhutto (PPP)
Pakistan,RP,1957 Khan Noon (RP)
Panama,AC,1931 H. Arias (AC)
Panama,CNP,1952 Remon Cantera (CNP)
Panama,Mil,1981 Florez Aguilar (Mil)
Panama,"Mil, PRD","1968 Torrijos Herrera (Mil, PRD)"
Panama,Non-party,1941 E. Jaen Guardia (Non-party)
Panama,PA,1999 Moscoso (PA)
Panama,PL,1920 Lefevre (PL)
Panama,PLD,1932 H. Arias (PLD)
Panama,PLN,1949 Chiari Remon (PLN)
Panama,PNR,1936 Juan Arosemena (PNR)
Panama,PP,1968 Arias A. (PP)
Panama,PPA,1990 Endara Galimany (PPA)
Panama,PRA,1949 A. Arias (PRA)
Panama,PRD,1994 Balladares (PRD)
Papua New Guinea,NAP,2002 Somare (NAP)
Papua New Guinea,PDM,1985 Wingti (PDM)
Papua New Guinea,PGU,1975 Somare (PGU)
Papua New Guinea,PNC,1997 Skate (PNC)
Papua New Guinea,PPP,1980 Chan (PPP)
Paraguay,ANR-PC,1948 Gonzalez Paredes (ANR-PC)
Paraguay,Mil,1940 Morinigo (Mil)
Paraguay,Non-party,1948 Frutos (Non-party)
Paraguay,PDC,2008 Lugo Mendez (PDC)
Paraguay,PL,1919 Montero (PL)
Paraguay,PRF,1936 R. Franco (PRF)
Peru,AP,1963 Belaunde (AP)
Peru,APRA,1985 Garcia Perez (APRA)
Peru,CC,1939 Prado y Ugarteche (CC)
Peru,FDN,1945 Bustamante (FDN)
Peru,MDP,1956 Prado y Ugarteche (MDP)
Peru,Mil,1930 Ponce Brousset (Mil)
Peru,NM-C'90,1990 Fujimori (NM-C'90)
Peru,PDR,1919 Leguia (PDR)
Peru,PP,2001 Toledo (PP)
Peru,UR,1931 Sanchez Cerro (UR)
Philippines,LEN-NUCD,1992 Ramos (LEN-NUCD)
Philippines,LEN-UCD-UMDP,2001 Gloria Macapagal-Arroyo (LEN-UCD-UMDP)
Philippines,LMP,1998 Estrada (LMP)
Philippines,PL,1946 Roxas (PL)
Philippines,PN,1953 Magsaysay (PN)
Philippines,"PN, KBL","1965 Marcos (PN, KBL)"
Philippines,UNIDO,1986 Aquino (UNIDO)
Poland,Mil,1926 Pilsudski (Mil)
Poland,Non-party,1922 Narutowicz (Non-party)
Poland,PiS,2005 Kaczynski (PiS)
Poland,PZPR,1956 Ochab (PZPR)
Poland,"SdRP, SLD","1995 Kwasniewski (SdRP, SLD)"
Poland,Soldr,1990 Walesa (Soldr)
Portugal,Mil,1974 Spinola (Mil)
Portugal,"Mil, UN","1926 Carmona (Mil, UN)"
Portugal,PD,1923 Gomes (PD)
Portugal,PRD,1976 Eanes (PRD)
Portugal,PRE,1919 Almeida (PRE)
Portugal,PS,1986 Soares (PS)
Portugal,PSD,2006 Silva (PSD)
Portugal,UN,1932 Salazar (UN)
Qatar,Al-Thani Dynasty,1971 Ahmed Ath-Thani (Al-Thani Dynasty)
Republic of Vietnam,CL+NRM,1954 Ngo Dinh Diem (CL+NRM)
Republic of Vietnam,DVP,1954 Quat (DVP)
Republic of Vietnam,Mil,1963 Minh (Mil)
Republic of Vietnam,Non-party,1954 Pham Buu Loc (Non-party)
Romania,CDR,1996 Ciorbea (CDR)
Romania,FSN,1989 Roman (FSN)
Romania,"FSND, SDPR","1992 Vacariou (FSND, SDPR)"
Romania,House of Hohenzollern-Sigmaringen,1927 Nicholas (House of Hohenzollern-Sigmaringen)
Romania,Mil,1940 Antonescu (Mil)
Romania,Non-party,1944 Michael (Non-party)
Romania,PCR,1947 Gheorghiu-Dej (PCR)
Romania,PD,2004 Basescu (PD)
Romania,"PDSR, PSD","2000 Nastase (PDSR, PSD)"
Romania,PSD,2004 Bejinariu (PSD)
Romania,USD,1999 Athanasiu (USD)
Russia,CPSU,1953 Malenkov (CPSU)
Russia,Non-party,1991 Yeltsin (Non-party)
Russia,"RCP, AUCP, CPSU","1923 Stalin (RCP, AUCP, CPSU)"
Rwanda,FPR,1994 Kagame (FPR)
Rwanda,"Mil, MRND","1973 Habyarimana (Mil, MRND)"
Rwanda,MRNDD,1994 Sindikubwabo (MRNDD)
Saudi Arabia,Saudi Dynasty,1927 Aziz (Saudi Dynasty)
Senegal,PDS,2000 Wade (PDS)
Senegal,PSS,1981 Diouf (PSS)
Senegal,"UPS, PSS","1960 Senghor (UPS, PSS)"
Sierra Leone,APC,1968 Stevens (APC)
Sierra Leone,Mil,1967 Lansana (Mil)
Sierra Leone,SLPP,1961 M. Margai (SLPP)
Singapore,PAP,1990 Goh Chok Tong (PAP)
Slovakia,APR,1994 Moravcik (APR)
Slovakia,HZDS,1993 Meciar (HZDS)
Slovakia,"SDK, SDKU, SDKU","1998 Dzurinda (SDK, SDKU, SDKU)"
Slovakia,SMER,2006 Fico (SMER)
Slovenia,LDS,1992 Drnovsek (LDS)
Slovenia,SDS,2004 Jansa (SDS)
Slovenia,SLS-SKD,2000 Bajuk (SLS-SKD)
Slovenia,ZLSD,2008 Pahor (ZLSD)
Solomon Islands,AIM,2006 Snyder Rini (AIM)
Solomon Islands,GNUR,1994 Solomon Sunaone Mamaloni (GNUR)
Solomon Islands,Non-party,1993 Francis Billy Hilly (Non-party)
Solomon Islands,PAP,1981 Solomon Sunaone Mamaloni (PAP)
Solomon Islands,"PAP, Non-party","1989 Solomon Sunaone Mamaloni (PAP, Non-party)"
Solomon Islands,PPP,2000 Manasseh D. Sogavare (PPP)
Solomon Islands,SILP,2007 Derek Sikua (SILP)
Solomon Islands,SILP-SIAC,1997 Bartholomew Ulufa'alu (SILP-SIAC)
Solomon Islands,SISCP,2006 Manasseh D. Sogavare (SISCP)
Solomon Islands,SIUPA,1978 Peter Kenilorea (SIUPA)
Somalia,"Mil, SRSP","1969 Siad Barre (Mil, SRSP)"
Somalia,SYL,1960 Osman Daar (SYL)
South Africa,ANC,1994 Mandela (ANC)
South Africa,NP,1924 Hertzog (NP)
South Africa,UP,1939 Smuts (UP)
South Korea,"DJP, MDD","1988 Roh Tae Woo (DJP, MDD)"
South Korea,DP,1960 Chang Myun (DP)
South Korea,HD,2008 Lee Myung Bak (HD)
South Korea,LP,1960 Ho Chong (LP)
South Korea,"MDD, SHD","1993 Kim Young Sam (MDD, SHD)"
South Korea,Mil,1961 Chang Do Yong (Mil)
South Korea,"SJKH, SMD","1998 Kim Dae Jung (SJKH, SMD)"
South Korea,"SMD, UD","2003 Roh Moo Hyun (SMD, UD)"
Spain,FET,1975 Arias Navarro (FET)
Spain,IR,1936 Azana y Diaz (IR)
Spain,Mil,1923 de Rivera (Mil)
Spain,Non-party,1930 Berenguer (Non-party)
Spain,PC,1919 Maura y Montaner (PC)
Spain,PL,1922 Garcia Prieto (PL)
Spain,PP,1996 Aznar (PP)
Spain,PRC,1931 Alcala-Zamora (PRC)
Spain,PRR,1933 Lerroux y Garcia (PRR)
Spain,PSOE,1936 Largo Caballero (PSOE)
Spain,RA,1931 Azana y Diaz (RA)
Spain,UCD,1976 Suarez Gonzalez (UCD)
Spain,UR,1936 Martinez Barrio (UR)
Sri Lanka,"MEP-SLFP, SLFP","1956 Bandaranaike S. (MEP-SLFP, SLFP)"
Sri Lanka,SLFP,1959 Dahanayake (SLFP)
Sri Lanka,SLFP-PA,1994 Kumaratunga (SLFP-PA)
Sri Lanka,SLFP-UPFA,2005 Rajapakse (SLFP-UPFA)
Sri Lanka,"SLFP, SLFP","1960 Bandaranaike S. (SLFP, SLFP)"
Sri Lanka,UNP,1948 Don Senanayake (UNP)
Sri Lanka,"UNP, UNP","1952 Dudley Senanayake (UNP, UNP)"
Sudan,Mil,1958 Abboud (Mil)
Sudan,"Mil, SNC","1989 Al-Bashir (Mil, SNC)"
Sudan,NUP,1956 Al-Azhari (NUP)
Sudan,Umma,1956 Khalil (Umma)
Sudan,UNF,1964 al-Khalifa (UNF)
Swaziland,Nkosi-Dlamini dynasty,1968 Sobhuza II (Nkosi-Dlamini dynasty)
Sweden,BF,1936 Pehrsson-Bramst (BF)
Sweden,CP,1976 Falldin (CP)
Sweden,FF,1926 Ekman (FF)
Sweden,FP,1978 Ullsten (FP)
Sweden,M,2006 Reinfeldt (M)
Sweden,MUP,1991 Bildt (MUP)
Sweden,Non-party,1920 de Geer (Non-party)
Sweden,NP,1923 Trygger (NP)
Sweden,SAP,1920 Branting (SAP)
Sweden,SDA,1936 Hansson (SDA)
Sweden,"SDA, SDA","1946 Erlander (SDA, SDA)"
Switzerland,CVP,1920 Motta (CVP)
Switzerland,FDP,1921 Schulthess (FDP)
Switzerland,LP,1919 Ador (LP)
Switzerland,SP,1949 Nobs (SP)
Switzerland,SVP,1935 Minger (SVP)
Syria,HS,1961 Al-Kudsi (HS)
Syria,KW,1954 Atassi H. (KW)
Syria,Mil,1949 Al-Zaim (Mil)
Syria,NPF,2000 Al-Assad B. (NPF)
Syria,SNP,1955 Kuwatli (SNP)
Taiwan,KMT,1950 Chiang Kai-shek (KMT)
Taiwan,MCT,2000 Chen Shui-bian (MCT)
Tajikistan,KPT,1992 Iskandrov (KPT)
Tajikistan,"Kulobi, HDKT","1992 Rakhmonov (Kulobi, HDKT)"
Tanzania,CCM,1985 Mwinyi (CCM)
Thailand,CF,1946 Thawan Thamrongnawasawat (CF)
Thailand,Chakri dynasty,1925 Rama VII (Chakri dynasty)
Thailand,CT,1995 Silpa-Archa (CT)
Thailand,KR,1944 Pridi Banomyong (KR)
Thailand,Mil,1933 Phahon (Mil)
Thailand,NAP,1996 Chavalit Yongchaiyudh (NAP)
Thailand,Non-party,1973 Sanya (Non-party)
Thailand,Non-Party,1957 Pote Sarasin (Non-Party)
Thailand,PKS,1975 Kukrot Pramoj (PKS)
Thailand,PP,1975 Seni Pramoj (PP)
Thailand,PPP,2008 Samak Sundaravej (PPP)
Thailand,TPP,1932 Phraya Mano (TPP)
Thailand,TRT,2001 Thaksin Shinawatra (TRT)
Togo,CUT,1960 Olympio (CUT)
Togo,Mil,1967 Dadjo (Mil)
Togo,"Mil, RPT","1967 Eyadema (Mil, RPT)"
Togo,MPT,1963 Grunitzky (MPT)
Togo,RPT,2005 Gnassingbe (RPT)
Trinidad and Tobago,NAR,1986 Robinson (NAR)
Trinidad and Tobago,PNM,1962 Williams (PNM)
Trinidad and Tobago,UNC,1995 Panday (UNC)
Tunisia,"PND, PSD","1957 Ben Ali Bourguiba (PND, PSD)"
Tunisia,"PSD, RCD","1987 Zine Al-Abidine Ben Ali (PSD, RCD)"
Turkey,AKP,2002 Gul (AKP)
Turkey,AnaP,1983 Ozal (AnaP)
Turkey,CHP,1938 Inonu (CHP)
Turkey,DP,1950 Menderes (DP)
Turkey,"DSP, DSP","1999 Ecevit (DSP, DSP)"
Turkey,DYP,1991 Demirel (DYP)
Turkey,JP,1965 Demirel (JP)
Turkey,Mil,1960 Gursel (Mil)
Turkey,"Mil, CHP","1922 Ataturk (Mil, CHP)"
Turkey,Non-party,1965 Urguplu (Non-party)
Turkey,NRP,1972 Melen (NRP)
Turkey,RP,1996 Erbakan (RP)
Turkey,SHP,1993 Inonu (SHP)
Turkmenistan,TDP,2006 Berdymukhammedov (TDP)
Uganda,Mil,1971 Amin (Mil)
Uganda,Non-party,1979 Lule (Non-party)
Uganda,NRM,1986 Museveni (NRM)
Uganda,UPC,1962 Obote (UPC)
Ukraine,BYNU,2005 Yushchenko (BYNU)
Ukraine,Non-party,1994 Kuchma (Non-party)
United Arab Emirates,Al-Nahyan Dynasty,1971 Al-Nahayan (Al-Nahyan Dynasty)
United Kingdom,Con,1922 Bonar Law (Con)
United Kingdom,Lab,1924 MacDonald (Lab)
United Kingdom,"Lab, NLab","1929 MacDonald (Lab, NLab)"
United States of America,Dem,1933 Roosevelt F. (Dem)
United States of America,Rep,1921 Harding (Rep)
Uruguay,FA,2005 Vazquez Rosas (FA)
Uruguay,Mil,1972 Bordaberry (Mil)
Uruguay,PC,1919 Brum (PC)
Uruguay,PN,1959 Echegoyen (PN)
Venezuela,AD,1945 Betancourt (AD)
Venezuela,CD,1994 Caldera Rodriguez (CD)
Venezuela,COPEI,1969 Caldera Rodriguez (COPEI)
Venezuela,Mil,1935 Lopez Contreras (Mil)
Venezuela,"MVR, PSUV","1999 Chavez (MVR, PSUV)"
Venezuela,Non-party,1993 Velasquez (Non-party)
Vietnam,DCSV,1986 Truong Chinh (DCSV)
Vietnam,"DLDV, DCSV","1969 Le Duan (DLDV, DCSV)"
Yemen Arab Republic,al-Ahrar,1948 Ibn Ahmed Alwazir (al-Ahrar)
Yemen Arab Republic,al-Qasimi Dynasty,1948 Ibn Yahya Hamid (al-Qasimi Dynasty)
Yemen Arab Republic,Mil,1962 Al-Sallal (Mil)
Yemen People's Republic,HIY,1978 Ali Nassir Hassani (HIY)
Yemen People's Republic,NLF,1967 Al-Shaabi (NLF)
Yemen People's Republic,"NLF, UPONF","1969 Ali Rubayyi (NLF, UPONF)"
Yugoslavia,DPS,2003 Marovic (DPS)
Yugoslavia,DS,2006 Tadic (DS)
Yugoslavia,DSS,2000 Kostunica (DSS)
Yugoslavia,House of Karadjordjevic,1934 Prince Paul (House of Karadjordjevic)
Yugoslavia,mil,1941 Peter II (mil)
Yugoslavia,SKJ,1945 Tito (SKJ)
Yugoslavia,"SKS, SPS","1989 Milosevic (SKS, SPS)"
Zambia,MMD,1991 Chiluba (MMD)
Zambia,"ZANC, UNIP","1964 Kaunda (ZANC, UNIP)"
Zimbabwe,RF,1965 Smith (RF)
Zimbabwe,UANC,1979 Muzorewa (UANC)
Zimbabwe,ZANU-PF,1980 Mugabe (ZANU-PF)
